{
    "api_client_error": [
        {
            "api_name": "user_list",
            "reason_cd": null,
            "reason_name": null,
            "status_cd": null
        },
        {
            "api_name": "logout",
            "reason_cd": null,
            "reason_name": null,
            "status_cd": null
        },
        {
            "api_name": "class_authority",
            "reason_cd": null,
            "reason_name": null,
            "status_cd": null
        },
        {
            "api_name": "patient_list",
            "reason_cd": null,
            "reason_name": null,
            "status_cd": null
        }
    ]
}