{
    "user_info": {
        "user": {
            "user_id": "USR990000000025",
            "email": "t.tsunoda165@jp.fujitsu.com",
            "password_changed_dt": "2015-06-23 11:00:00",
            "family_name": "角田",
            "first_name": "テスト",
            "family_name_kana": "ツノダ",
            "first_name_kana": "テスト",
            "birth": "1916-10-23",
            "sex_cd": "1",
            "sex_name": "男性",
            "profile_image": "",
            "postcode": "",
            "address": "",
            "contact_email": "",
            "phone": "",
            "cellular": "",
            "fax": ""
        },
        "healthcare_provider_user": {
            "user_id": "USR990000000025",
            "department": "",
            "facility_name": "テスト施設",
            "hc_role_cd": "MedicalDoctor",
            "hc_role_name": "医師",
            "position": "",
            "specialty_name": ""
        },
        "valid_date": "",
        "access_token": "",
        "reason_cd": null,
        "reason_name": null
    },
    "api_key": "B9BE10CE82BE33EF27C684A3EF399CE9F81CCBA381769797768CB5A559AE8C5CCF2848338CF214AFB3FEDFBA2F6C7D2FA13BC0F904C6A2AD9291E353C1421CD2"
}
