{
    "child_service_group_ids": [
        {
            "service_id": "SVC000000000006",
            "group_id": "GRP000000001030"
        },
        {
            "service_id": "SVC000000000020",
            "group_id": "GRP000000001064"
        },
        {
            "service_id": "SVC000000000019",
            "group_id": "GRP000000001074"
        },
        {
            "service_id": "SVC000000000018",
            "group_id": "GRP000000001093"
        },
        {
            "service_id": "SVC000000000033",
            "group_id": "GRP000000001255"
        },
        {
            "service_id": "SVC000000000011",
            "group_id": "GRP000000001016"
        },
        {
            "service_id": "SVC000000000012",
            "group_id": "GRP000000001293"
        },
        {
            "service_id": "SVC000000000012.3",
            "group_id": "GRP000000001293"
         },
        {
            "service_id": "SVC000000000028",
            "group_id": "GRP000000001319"
        },
        {
            "service_id": "SVC000000000040",
            "group_id": "GRP000000001392"
        },
        {
            "service_id": "SVC000000000044",
            "group_id": "GRP000000001653"
        },
        {
            "service_id": "SVC000000000051",
            "group_id": "GRP000000002035"
        },
        {
            "service_id": "SVC000000000052",
            "group_id": "GRP000000002223"
        },
        {
            "service_id": "SVC000000000054",
            "group_id": "GRP000000002312"
        }
    ]
}