[
    {
        "key": "barcode.length",
        "value": "10"
    },
    {
        "key": "barcode.padding",
        "value": "0"
    },
    {
        "key": "barcode.startstop",
        "value": "AA"
    },
    {
        "key": "barcode.type",
        "value": "QR"
    },
    {
        "key": "facility_id",
        "value": "9999999"
    },
    {
        "key": "medical_information.enable",
        "value": "0"
    },
    {
        "key": "patient_identification.enable",
        "value": "0"
    },
    {
        "key": "qr.version2",
        "value": "1"
    },
    {
        "key": "qr.version3",
        "value": "1"
    },
    {
        "key": "region_id",
        "value": "990006"
    },
    {
        "key": "restriction.service_password",
        "value": "[]"
    },
    {
        "key": "chart.type",
        "value": "HX"
    },
    {
        "key": "restriction.user_service",
        "value": "{\"A\":[\"SVC000000000033.3\"]}"
    }
]