{
    "patients": [
        {
            "group_id": "GRP000000001016",
            "team_id": "REC000000024460",
            "user_id": "USR000000004306",
            "family_name": "富士通",
            "first_name": "太郎",
            "family_name_kana": "フジツウ",
            "first_name_kana": "タロウ",
            "birth": "2000-01-01",
            "sex_cd": "1",
            "sex_name": "男性",
            "profile_image": "https://myportal-test.humanbridge.net/personal/img/get?encrypt_string=seko0cD9MBtwmbA%2FWCmjwWGsF%2BaqkRyTrZRnoE5i4Ruskg%3D%3D"
        },
        {
            "group_id": "GRP000000001016",
            "team_id": "REC000000033629",
            "user_id": "USR000000007139",
            "family_name": "患者",
            "first_name": "氏名",
            "family_name_kana": "カンジャ",
            "first_name_kana": "シメイ",
            "birth": "2016-01-01",
            "sex_cd": "1",
            "sex_name": "男性",
            "profile_image": "https://myportal-test.humanbridge.net/personal/img/get?encrypt_string=P7fF8FgZnYrTjz3eQid0HdyqcVNwry6KlLul3J485D4s6g%3D%3D"
        },
        {
            "group_id": "GRP000000001016",
            "team_id": "REC000000033635",
            "user_id": "USR000000007142",
            "family_name": "患者",
            "first_name": "Ｏ",
            "family_name_kana": "カンジャセイ",
            "first_name_kana": "カンジャメイ",
            "birth": "2016-01-01",
            "sex_cd": "2",
            "sex_name": "女性",
            "profile_image": "https://myportal-test.humanbridge.net/personal/img/get?encrypt_string=%2FYodQqlxGdavG6aUqQziabO5c7gWPF8NLJkNVzRMvP6z0A%3D%3D",
            "family_relationship_name": "本人"
        }
    ]
}