{
    "patients": [
        {
            "team_id": "REC000000031533",
            "user_id": "USR000000006180",
            "family_name": "テスト",
            "first_name": "同姓同名",
            "family_name_kana": "テスト",
            "first_name_kana": "ドウセイドウメイ",
            "birth": "2003-09-13",
            "sex_cd": "1",
            "sex_name": "男性",
            "user_division_cd": "2",
            "user_division_name": "患者または家族",
            "family_relationship_cd": "1",
            "family_relationship_name": "本人"
        },
        {
            "group_id": "GRP000000002223",
            "team_id": "REC000000031534",
            "user_id": "USR000000006180",
            "family_name": "テスト",
            "first_name": "同姓同名",
            "family_name_kana": "テスト",
            "first_name_kana": "ドウセイドウメイ",
            "birth": "2003-09-13",
            "sex_cd": "1",
            "sex_name": "男性",
            "user_division_cd": "2",
            "user_division_name": "患者または家族",
            "family_relationship_cd": "1",
            "family_relationship_name": "本人"
        }
    ],
    "class_medicalstuff_patient_cd": "2",
    "class_medicalstuff_patient_name": "患者・患者家族"
}