{
    "staffs": [
        {
            "user": {
                "user_id": "USR000000001098",
                "email": "hideo_hoshi@fix-inc.co.jp",
                "password_changed_dt": "2016-08-01 11:02:51.39",
                "family_name": "星",
                "first_name": "英雄",
                "family_name_kana": "ホシ",
                "first_name_kana": "ヒデオ",
                "birth": "1978-06-07",
                "sex_cd": "1",
                "sex_name": "男性",
                "profile_image": "",
                "postcode": "",
                "address": "",
                "contact_email": "",
                "phone": "",
                "cellular": "",
                "fax": ""
            },
            "healthcare_provider_user": {
                "user_id": "USR000000001098",
                "facility_name": "FG病院",
                "hc_role_cd": "MedicalDoctor",
                "hc_role_name": "医師",
                "specialty_name": "",
                "department": "",
                "position": ""
            }
        },
        {
            "user": {
                "user_id": "USR000000001208",
                "email": "doke.naoyuki@jp.fujitsu.com",
                "password_changed_dt": "2018-04-13 09:14:17.081",
                "family_name": "道家",
                "first_name": "直之",
                "family_name_kana": "ドウケ",
                "first_name_kana": "ナオユキ",
                "birth": "1987-08-25",
                "sex_cd": "1",
                "sex_name": "男性",
                "profile_image": "",
                "postcode": "",
                "address": "",
                "contact_email": "",
                "phone": "",
                "cellular": "",
                "fax": ""
            },
            "healthcare_provider_user": {
                "user_id": "USR000000001208",
                "facility_name": "富士通01病院",
                "hc_role_cd": "MedicalDoctor",
                "hc_role_name": "医師",
                "specialty_name": "",
                "department": "",
                "position": ""
            }
        },
        {
            "user": {
                "user_id": "USR000000001213",
                "email": "tsunoda@tpj.co.jp",
                "password_changed_dt": "2017-02-15 17:50:50.433",
                "family_name": "つのだ",
                "first_name": "テスト",
                "family_name_kana": "ツノダ",
                "first_name_kana": "テスト",
                "birth": "2016-01-01",
                "sex_cd": "1",
                "sex_name": "男性",
                "profile_image": "",
                "postcode": "",
                "address": "",
                "contact_email": "",
                "phone": "",
                "cellular": "",
                "fax": ""
            },
            "healthcare_provider_user": {
                "user_id": "USR000000001213",
                "facility_name": "開発者",
                "hc_role_cd": "Other",
                "hc_role_name": "その他",
                "specialty_name": "",
                "department": "",
                "position": ""
            }
        },
        {
            "user": {
                "user_id": "USR000000001541",
                "email": "y.morino154@jp.fujitsu.com",
                "password_changed_dt": "2016-06-25 00:05:51.02",
                "family_name": "森埜",
                "first_name": "テスト",
                "family_name_kana": "モリノ",
                "first_name_kana": "テスト",
                "birth": "1980-03-01",
                "sex_cd": "1",
                "sex_name": "男性",
                "profile_image": "",
                "postcode": "",
                "address": "",
                "contact_email": "",
                "phone": "",
                "cellular": "",
                "fax": ""
            },
            "healthcare_provider_user": {
                "user_id": "USR000000001541",
                "facility_name": "テスト　施設",
                "hc_role_cd": "MedicalDoctor",
                "hc_role_name": "医師",
                "specialty_name": "",
                "department": "",
                "position": ""
            }
        },
        {
            "user": {
                "user_id": "USR000000002707",
                "email": "k_uno@jp.fujitsu.com",
                "password_changed_dt": "2017-12-13 11:34:29.265",
                "family_name": "宇野",
                "first_name": "浩平",
                "family_name_kana": "ウノ",
                "first_name_kana": "コウヘイ",
                "birth": "2000-01-01",
                "sex_cd": "1",
                "sex_name": "男性",
                "profile_image": "",
                "postcode": "",
                "address": "",
                "contact_email": "uno.kohei@tpj.co.jp",
                "phone": "",
                "cellular": "",
                "fax": ""
            },
            "healthcare_provider_user": {
                "user_id": "USR000000002707",
                "facility_name": "テスト",
                "hc_role_cd": null,
                "hc_role_name": null,
                "specialty_name": "",
                "department": "",
                "position": ""
            }
        },
        {
            "user": {
                "user_id": "USR000000003831",
                "email": "fujitsu2018test+staff@yahoo.co.jp",
                "password_changed_dt": "2018-11-19 17:10:03.86",
                "family_name": "富士通",
                "first_name": "テスト",
                "family_name_kana": "フジツウ",
                "first_name_kana": "テスト",
                "birth": "2000-01-01",
                "sex_cd": "1",
                "sex_name": "男性",
                "profile_image": "",
                "postcode": "",
                "address": "",
                "contact_email": "",
                "phone": "",
                "cellular": "",
                "fax": ""
            },
            "healthcare_provider_user": {
                "user_id": "USR000000003831",
                "facility_name": "富士通01病院",
                "hc_role_cd": null,
                "hc_role_name": null,
                "specialty_name": "",
                "department": "",
                "position": ""
            }
        },
        {
            "user": {
                "user_id": "USR000000004278",
                "email": "zddzigkv78ygh55sgpkb@docomo.ne.jp",
                "password_changed_dt": "2019-04-24 13:25:13.677",
                "family_name": "富士通",
                "first_name": "太郎",
                "family_name_kana": "フジツウ",
                "first_name_kana": "タロウ",
                "birth": "2000-01-01",
                "sex_cd": "1",
                "sex_name": "男性",
                "profile_image": "",
                "postcode": "",
                "address": "",
                "contact_email": "",
                "phone": "",
                "cellular": "",
                "fax": ""
            },
            "healthcare_provider_user": {
                "user_id": "USR000000004278",
                "facility_name": "富士通01病院",
                "hc_role_cd": null,
                "hc_role_name": null,
                "specialty_name": "",
                "department": "",
                "position": ""
            }
        },
        {
            "user": {
                "user_id": "USR000000004296",
                "email": "san.three.fujitsu@gmail.com",
                "password_changed_dt": "2019-05-27 18:48:14.068",
                "family_name": "富士通",
                "first_name": "三太郎",
                "family_name_kana": "フジツウ",
                "first_name_kana": "サンタロウ",
                "birth": "2000-01-01",
                "sex_cd": "1",
                "sex_name": "男性",
                "profile_image": "",
                "postcode": "",
                "address": "",
                "contact_email": "",
                "phone": "",
                "cellular": "",
                "fax": ""
            },
            "healthcare_provider_user": {
                "user_id": "USR000000004296",
                "facility_name": "富士通01病院",
                "hc_role_cd": null,
                "hc_role_name": null,
                "specialty_name": "",
                "department": "",
                "position": ""
            }
        },
        {
            "user": {
                "user_id": "USR000000004306",
                "email": "release230@yahoo.co.jp",
                "password_changed_dt": "2019-06-11 13:17:56.184",
                "family_name": "富士通",
                "first_name": "太郎",
                "family_name_kana": "フジツウ",
                "first_name_kana": "タロウ",
                "birth": "2000-01-01",
                "sex_cd": "1",
                "sex_name": "男性",
                "profile_image": "",
                "postcode": "",
                "address": "",
                "contact_email": "",
                "phone": "",
                "cellular": "",
                "fax": ""
            },
            "healthcare_provider_user": {
                "user_id": "USR000000004306",
                "facility_name": "富士通病院",
                "hc_role_cd": null,
                "hc_role_name": null,
                "specialty_name": "",
                "department": "",
                "position": ""
            }
        },
        {
            "user": {
                "user_id": "USR000000004349",
                "email": "fj-hc-concierge1@dl.jp.fujitsu.com",
                "password_changed_dt": "2019-07-09 13:36:06.937",
                "family_name": "富士通",
                "first_name": "管理者",
                "family_name_kana": "フジツウ",
                "first_name_kana": "カンリシャ",
                "birth": "2000-01-01",
                "sex_cd": "1",
                "sex_name": "男性",
                "profile_image": "",
                "postcode": "",
                "address": "",
                "contact_email": "",
                "phone": "",
                "cellular": "",
                "fax": ""
            },
            "healthcare_provider_user": {
                "user_id": "USR000000004349",
                "facility_name": "富士通01病院",
                "hc_role_cd": null,
                "hc_role_name": null,
                "specialty_name": "",
                "department": "",
                "position": ""
            }
        },
        {
            "user": {
                "user_id": "USR000000005189",
                "email": "endo.naoki@fujitsu.com",
                "password_changed_dt": "2020-08-31 11:46:28.209",
                "family_name": "遠藤",
                "first_name": "直樹",
                "family_name_kana": "エンドウ",
                "first_name_kana": "ナオキ",
                "birth": "2000-11-11",
                "sex_cd": "1",
                "sex_name": "男性",
                "profile_image": "",
                "postcode": "",
                "address": "",
                "contact_email": "",
                "phone": "",
                "cellular": "",
                "fax": ""
            },
            "healthcare_provider_user": {
                "user_id": "USR000000005189",
                "facility_name": "富士通01病院",
                "hc_role_cd": null,
                "hc_role_name": null,
                "specialty_name": "",
                "department": "",
                "position": ""
            }
        },
        {
            "user": {
                "user_id": "USR000000005206",
                "email": "ckigure+0907@gmail.com",
                "password_changed_dt": "2020-09-07 20:38:16.317",
                "family_name": "木暮",
                "first_name": "テスト",
                "family_name_kana": "キグレ",
                "first_name_kana": "テスト",
                "birth": "2000-01-01",
                "sex_cd": "1",
                "sex_name": "男性",
                "profile_image": "",
                "postcode": "",
                "address": "",
                "contact_email": "",
                "phone": "",
                "cellular": "",
                "fax": ""
            },
            "healthcare_provider_user": {
                "user_id": "USR000000005206",
                "facility_name": "富士通01病院",
                "hc_role_cd": null,
                "hc_role_name": null,
                "specialty_name": "",
                "department": "",
                "position": ""
            }
        },
        {
            "user": {
                "user_id": "USR990000000025",
                "email": "t.tsunoda165@jp.fujitsu.com",
                "password_changed_dt": "2015-06-23 11:00:00",
                "family_name": "角田",
                "first_name": "テスト",
                "family_name_kana": "ツノダ",
                "first_name_kana": "テスト",
                "birth": "1916-10-23",
                "sex_cd": "1",
                "sex_name": "男性",
                "profile_image": "",
                "postcode": "",
                "address": "",
                "contact_email": "",
                "phone": "",
                "cellular": "",
                "fax": ""
            },
            "healthcare_provider_user": {
                "user_id": "USR990000000025",
                "facility_name": "テスト施設",
                "hc_role_cd": "MedicalDoctor",
                "hc_role_name": "医師",
                "specialty_name": "",
                "department": "",
                "position": ""
            }
        },
        {
            "user": {
                "user_id": "USR990000000029",
                "email": "naoshi@int21.co.jp",
                "password_changed_dt": "2015-09-16 14:00:00",
                "family_name": "若田部",
                "first_name": "直",
                "family_name_kana": "ワカタベワカタベ",
                "first_name_kana": "ナオシ",
                "birth": "1970-10-23",
                "sex_cd": "1",
                "sex_name": "男性",
                "profile_image": "",
                "postcode": "1570067",
                "address": "東京都世田谷区喜多見",
                "contact_email": "naoshi@int21.co.jp",
                "phone": "03-5494-7100",
                "cellular": "090-8845-2432",
                "fax": "03-5494-7101"
            },
            "healthcare_provider_user": {
                "user_id": "USR990000000029",
                "facility_name": "int21病院",
                "hc_role_cd": "RadiologicalTechnologist",
                "hc_role_name": "診療放射線技師",
                "specialty_name": "放射線科",
                "department": "部署名テスト",
                "position": "役職テスト"
            }
        }
    ]
}