{
    "user_related_teams": [
        {
            "team_id": "REC000000023385",
            "user_id": "USR000000002564",
            "service_id": "SVC000000000011",
            "group_id": "GRP000000001016",
            "group_name": "富士通01病院",
            "family_name": "西安",
            "first_name": "富士通",
            "relation_user_contacts": [
                {
                    "relation_user_id": "USR000000002564",
                    "relation_email": "yb5309@gmail.com",
                    "relation_family_name": "西安",
                    "relation_first_name": "富士通",
                    "relation_family_relationship_cd": "1",
                    "relation_family_relationship_name": "本人"
                }
            ]
        },
        {
            "team_id": "REC000000022372",
            "user_id": "USR000000002564",
            "service_id": "SVC000000000011",
            "group_id": "GRP000000001359",
            "group_name": "富士通05病院(制約)",
            "family_name": "西安",
            "first_name": "富士通",
            "relation_user_contacts": [
                {
                    "relation_user_id": "USR000000002564",
                    "relation_email": "yb5309@gmail.com",
                    "relation_family_name": "西安",
                    "relation_first_name": "富士通",
                    "relation_family_relationship_cd": "1",
                    "relation_family_relationship_name": "本人"
                }
            ]
        },
        {
            "team_id": "REC000000022371",
            "user_id": "USR000000002564",
            "service_id": "SVC000000000011",
            "group_id": "GRP000000001130",
            "group_name": "富士通04病院",
            "family_name": "西安",
            "first_name": "富士通",
            "relation_user_contacts": [
                {
                    "relation_user_id": "USR000000002564",
                    "relation_email": "yb5309@gmail.com",
                    "relation_family_name": "西安",
                    "relation_first_name": "富士通",
                    "relation_family_relationship_cd": "1",
                    "relation_family_relationship_name": "本人"
                }
            ]
        },
        {
            "team_id": "REC000000020567",
            "user_id": "USR000000002564",
            "service_id": "SVC000000000011",
            "group_id": "GRP000000001110",
            "group_name": "富士通病院",
            "family_name": "西安",
            "first_name": "富士通",
            "relation_user_contacts": [
                {
                    "relation_user_id": "USR000000002564",
                    "relation_email": "yb5309@gmail.com",
                    "relation_family_name": "西安",
                    "relation_first_name": "富士通",
                    "relation_family_relationship_cd": "1",
                    "relation_family_relationship_name": "本人"
                }
            ]
        },
        {
            "team_id": "REC000000019680",
            "user_id": "USR000000002564",
            "service_id": "SVC000000000011",
            "group_id": "GRP000000001046",
            "group_name": "富士通02病院",
            "family_name": "西安",
            "first_name": "富士通",
            "relation_user_contacts": [
                {
                    "relation_user_id": "USR000000002564",
                    "relation_email": "yb5309@gmail.com",
                    "relation_family_name": "西安",
                    "relation_first_name": "富士通",
                    "relation_family_relationship_cd": "1",
                    "relation_family_relationship_name": "本人"
                }
            ]
        },
        {
            "team_id": "REC000000005332",
            "user_id": "USR000000002564",
            "service_id": "SVC000000000011",
            "group_id": "GRP000000001101",
            "group_name": "共通グループ",
            "family_name": "西安",
            "first_name": "富士通",
            "relation_user_contacts": [
                {
                    "relation_user_id": "USR000000002564",
                    "relation_email": "yb5309@gmail.com",
                    "relation_family_name": "西安",
                    "relation_first_name": "富士通",
                    "relation_family_relationship_cd": "1",
                    "relation_family_relationship_name": "本人"
                }
            ]
        }
    ],
    "users": [
        {
            "user_id": "USR000000002564",
            "email": "yb5309@gmail.com",
            "password_changed_dt": "2017-12-12 14:33:20.506",
            "family_name": "西安",
            "first_name": "富士通",
            "family_name_kana": "セイアン",
            "first_name_kana": "アフジツ",
            "birth": "2016-01-01",
            "sex_cd": "1",
            "sex_name": "男性",
            "profile_image": "https://myportal-test.humanbridge.net/personal/img/get?encrypt_string=aeFNCUZyF%2BEXgD4s6PuWvjRB90in%2BYkDAWU7vNwzFdX9JFbAQF2gNqDUrPy0ha8MKrq1x%2BN4WMsE6Ec49W3u3B7l",
            "contact_email": "test.user.xxxxx@tpj.co.jp"
        }
    ]
}