{
    "patients": [
        {
            "team_id": "REC000000034821",
            "user_id": "USR000000007713",
            "family_name": "テスト",
            "first_name": "ゼロヨン",
            "family_name_kana": "テスト",
            "first_name_kana": "ゼロヨン",
            "birth": "1990-10-10",
            "sex_cd": "2",
            "sex_name": "女性",
            "user_division_cd": "2",
            "user_division_name": "患者または家族",
            "family_relationship_cd": "1",
            "family_relationship_name": "本人"
        },
        {
            "team_id": "REC000000034822",
            "user_id": "USR000000007713",
            "family_name": "テスト",
            "first_name": "ゼロヨン",
            "family_name_kana": "テスト",
            "first_name_kana": "ゼロヨン",
            "birth": "1990-10-10",
            "sex_cd": "2",
            "sex_name": "女性",
            "user_division_cd": "2",
            "user_division_name": "患者または家族",
            "family_relationship_cd": "1",
            "family_relationship_name": "本人"
        }
    ],
    "patient_extensions": [
        {
            "user_id": "USR000000007713",
            "portal_group_id": "GRP000000001130",
            "provider_class_cd": "3",
            "provider_group_id": "GRP000000001136",
            "provider_group_name": "富士通04病院",
            "provider_region_id": "990004",
            "provider_facility_id": "9991004",
            "provider_patient_id": "9999001986"
        }
    ],
    "class_medicalstuff_patient_cd": "2",
    "class_medicalstuff_patient_name": "患者・患者家族"
}