{
    "patients": [
        {
            "group_id": "GRP000000001101",
            "team_id": "REC000000025017",
            "user_id": "USR000000004559",
            "family_name": "解約禁止",
            "first_name": "ダミーユーザ",
            "family_name_kana": "カイヤクキンシ",
            "first_name_kana": "ダミーユーザ",
            "birth": "2000-01-01",
            "sex_cd": "1",
            "sex_name": "男性",
            "profile_image": "https://myportal-test.humanbridge.net/personal/img/get?encrypt_string=jzcGsSQhmCE8GoD3R3Ni8kbIpSO7cI83Oq7n2yi0lrhVyosrMcKDCt5PZwlN5FUMKwROzcO9AoXixs45Wc9GgJj6",
            "user_division_cd": "2",
            "user_division_name": "患者または家族",
            "family_relationship_cd": "1",
            "family_relationship_name": "本人"
        },
        {
            "group_id": "GRP000000001016",
            "team_id": "REC000000025018",
            "user_id": "USR000000004559",
            "family_name": "解約禁止",
            "first_name": "ダミーユーザ",
            "family_name_kana": "カイヤクキンシ",
            "first_name_kana": "ダミーユーザ",
            "birth": "2000-01-01",
            "sex_cd": "1",
            "sex_name": "男性",
            "profile_image": "https://myportal-test.humanbridge.net/personal/img/get?encrypt_string=R%2BcYUpJOYaEf%2BMTtthC%2Bw4fVNZPDCSvC9n9iAnpXn9o5JMG76C9x71GqZi9e4t%2BzUnzNzz4uKnEzQ0ONjMsFM7xK",
            "user_division_cd": "2",
            "user_division_name": "患者または家族",
            "family_relationship_cd": "1",
            "family_relationship_name": "本人"
        },
        {
            "group_id": "GRP000000001127",
            "team_id": "REC000000035137",
            "user_id": "USR000000004559",
            "family_name": "解約禁止",
            "first_name": "ダミーユーザ",
            "family_name_kana": "カイヤクキンシ",
            "first_name_kana": "ダミーユーザ",
            "birth": "2000-01-01",
            "sex_cd": "1",
            "sex_name": "男性",
            "profile_image": "https://myportal-test.humanbridge.net/personal/img/get?encrypt_string=FD3r2PIV0kDwsKfOdIxOe0XZ9OnnRhI4WGlo246yWj%2B1NWDSF%2Bgs3KDt%2Fz%2BvmiB18NvYfKjcvJ7PfHSV7V4SWZaW",
            "user_division_cd": "2",
            "user_division_name": "患者または家族",
            "family_relationship_cd": "1",
            "family_relationship_name": "本人"
        }
    ],
    "patient_extensions": [
        {
            "user_id": "USR000000004559",
            "portal_group_id": "GRP000000001016",
            "provider_class_cd": "3",
            "provider_group_id": "GRP000000001035",
            "provider_group_name": "富士通01病院",
            "provider_region_id": "990001",
            "provider_facility_id": "9991001",
            "provider_patient_id": "A000000000"
        },
        {
            "user_id": "USR000000004559",
            "portal_group_id": "GRP000000001127",
            "provider_class_cd": "3",
            "provider_group_id": "GRP000000001129",
            "provider_group_name": "富士通03病院",
            "provider_region_id": "990003",
            "provider_facility_id": "9991003",
            "provider_patient_id": "9999000362"
        },
        {
            "user_id": "USR000000007713",
            "portal_group_id": "GRP000000001130",
            "provider_class_cd": "3",
            "provider_group_id": "GRP000000001136",
            "provider_group_name": "富士通04病院",
            "provider_region_id": "990004",
            "provider_facility_id": "9991004",
            "provider_patient_id": "9999001986"
        }
    ],
    "class_medicalstuff_patient_cd": "2",
    "class_medicalstuff_patient_name": "患者・患者家族"
}