{
    "patients": [
        {
            "team_id": "REC000000031533",
            "user_id": "USR000000006180",
            "family_name": "テスト",
            "first_name": "同姓同名",
            "family_name_kana": "テスト",
            "first_name_kana": "ドウセイドウメイ",
            "birth": "2003-09-13",
            "sex_cd": "1",
            "sex_name": "男性",
            "user_division_cd": "2",
            "user_division_name": "患者または家族",
            "family_relationship_cd": "1",
            "family_relationship_name": "本人"
        },
        {
            "group_id": "GRP000000002223",
            "team_id": "REC000000031534",
            "user_id": "USR000000006180",
            "family_name": "テスト",
            "first_name": "同姓同名",
            "family_name_kana": "テスト",
            "first_name_kana": "ドウセイドウメイ",
            "birth": "2003-09-13",
            "sex_cd": "1",
            "sex_name": "男性",
            "user_division_cd": "2",
            "user_division_name": "患者または家族",
            "family_relationship_cd": "1",
            "family_relationship_name": "本人"
        }
    ],
    "patient_extensions": [
        {
            "user_id": "USR000000006180",
            "portal_group_id": "GRP000000001016",
            "provider_class_cd": "3",
            "provider_group_id": "GRP000000001035",
            "provider_group_name": "富士通01病院",
            "provider_region_id": "990001",
            "provider_facility_id": "9991001",
            "provider_patient_id": "9999001049"
        }
    ],
    "class_medicalstuff_patient_cd": "2",
    "class_medicalstuff_patient_name": "患者・患者家族"
}