{
    "idwsf_response_common": {
        "api_status": "IRC001",
        "api_message": "情報連携が完了しました。",
        "count": "1"
    },
    "idwsf_response_body": [
        {
            "data_header": {
                "data_format": "JSON",
                "group_id": "GRP000000001035",
                "data_status": "IRB001",
                "data_message": "情報連携が成功しました。"
            },
            "data_body": {
                "IsError": false,
                "ErrorCode": null,
                "ErrorContent": null,
                "ResponseValue": [
                    {
                        "$type": "EcTps.GeneralSearchBizResponseContext, EcTps",
                        "GeneralData": [
                            [
                                " 01",
                                "内科"
                            ],
                            [
                                " 02",
                                "外科"
                            ],
                            [
                                " 03",
                                "脳外科"
                            ],
                            [
                                " 04",
                                "整形外科"
                            ],
                            [
                                " 05",
                                "眼科"
                            ],
                            [
                                " 06",
                                "小児科"
                            ],
                            [
                                " 07",
                                "産婦人科"
                            ],
                            [
                                " 08",
                                "泌尿器科"
                            ],
                            [
                                " 09",
                                "耳鼻咽頭科"
                            ],
                            [
                                " 10",
                                "放射線科"
                            ],
                            [
                                " 11",
                                "麻酔科"
                            ],
                            [
                                " 13",
                                "神経内科"
                            ],
                            [
                                " 14",
                                "皮膚科"
                            ],
                            [
                                " 15",
                                "循環器科"
                            ],
                            [
                                " 16",
                                "スポーツ科"
                            ],
                            [
                                " 17",
                                "消化器内科"
                            ],
                            [
                                " 18",
                                "女性内科"
                            ],
                            [
                                " 19",
                                "呼吸器内科"
                            ],
                            [
                                " 20",
                                "健診科"
                            ],
                            [
                                " 21",
                                "血液・幹細胞移植科"
                            ],
                            [
                                " 22",
                                "小児科２"
                            ],
                            [
                                " 23",
                                "腎・内分泌・代謝科"
                            ],
                            [
                                " 24",
                                "緩和医療科"
                            ],
                            [
                                " 25",
                                "循環器科２"
                            ],
                            [
                                " 26",
                                "感染症科"
                            ],
                            [
                                " 27",
                                "リハビリテーション科"
                            ],
                            [
                                " 28",
                                "精神腫瘍科"
                            ],
                            [
                                " 29",
                                "麻酔科２"
                            ],
                            [
                                " 30",
                                "集中治療科"
                            ],
                            [
                                " 31",
                                "内視鏡科"
                            ],
                            [
                                " 32",
                                "画像診断科"
                            ],
                            [
                                " 33",
                                "放射線治療科"
                            ],
                            [
                                " 34",
                                "陽子線治療科"
                            ],
                            [
                                " 35",
                                "臨床病理・細胞診科"
                            ],
                            [
                                " 36",
                                "検診科"
                            ],
                            [
                                " 37",
                                "初診・総合外来"
                            ],
                            [
                                " 38",
                                "歯科"
                            ],
                            [
                                " 39",
                                "神経内科２"
                            ],
                            [
                                " 40",
                                "医療連携"
                            ],
                            [
                                " 41",
                                "よろず相談"
                            ],
                            [
                                " 12",
                                "眼科２"
                            ],
                            [
                                " 61",
                                "ＷＯＣケア"
                            ],
                            [
                                " 62",
                                "機能温存・回復"
                            ],
                            [
                                " 63",
                                "口腔ケア"
                            ],
                            [
                                " 64",
                                "緩和ケア"
                            ],
                            [
                                " 65",
                                "栄養サポート"
                            ],
                            [
                                " 66",
                                "呼吸サポート"
                            ]
                        ],
                        "ContextId": "GeneralSearch"
                    }
                ]
            }
        }
    ]
}