{
    "idwsf_response_common": {
        "api_status": "IRC001",
        "api_message": "情報連携が完了しました。",
        "count": "1"
    },
    "idwsf_response_body": [
        {
            "data_header": {
                "data_format": "JSON",
                "group_id": "GRP000000001136",
                "data_status": "IRB001",
                "data_message": "情報連携が成功しました。"
            },
            "data_body": {
                "IsError": false,
                "ErrorCode": null,
                "ErrorContent": null,
                "ResponseValue": [
                    {
                        "$type": "Fujitsu.HOPE.EGMAINHX.Net.Ap.GenericSearch.GenericSearchBizResponseContext, Fujitsu.HOPE.EGMAINHX.Net.Ap.GenericSearch",
                        "Result": {
                            "Concierge_SelectDept": {
                                "$type": "System.Collections.Generic.List`1[[System.Collections.Generic.Dictionary`2[[System.String, mscorlib],[System.Object, mscorlib]], mscorlib]], mscorlib",
                                "$values": [
                                    {
                                        "HospitalCode": 100,
                                        "ValidStartDate": "0001-01-01T00:00:00",
                                        "ValidEndDate": "9999-12-31T00:00:00",
                                        "DeptCode": " 01",
                                        "DeptName": "内科",
                                        "DeptName6": "内科    ",
                                        "DeptName5": "内科   ",
                                        "DeptName3": "内科 ",
                                        "DeptName2": "内科",
                                        "OperatePlaceCode": "0001",
                                        "InOutDiv": 0,
                                        "UtilizeDiv": 0,
                                        "InstructDiv": 0,
                                        "MedicalDentalDiv": 0,
                                        "PsychiatryDiv": 0,
                                        "DisplayDiv": 1,
                                        "DeptDepartmentDiv": 1,
                                        "WardCode": "07E",
                                        "BlockCode": "          ",
                                        "BlockName": " ",
                                        "DisplayOrder": 1,
                                        "ReceiptDeptCode": "   "
                                    },
                                    {
                                        "HospitalCode": 100,
                                        "ValidStartDate": "0001-01-01T00:00:00",
                                        "ValidEndDate": "9999-12-31T00:00:00",
                                        "DeptCode": " 02",
                                        "DeptName": "外科",
                                        "DeptName6": "外科    ",
                                        "DeptName5": "外科   ",
                                        "DeptName3": "外科 ",
                                        "DeptName2": "外科",
                                        "OperatePlaceCode": "0002",
                                        "InOutDiv": 0,
                                        "UtilizeDiv": 0,
                                        "InstructDiv": 0,
                                        "MedicalDentalDiv": 0,
                                        "PsychiatryDiv": 0,
                                        "DisplayDiv": 1,
                                        "DeptDepartmentDiv": 1,
                                        "WardCode": "06W",
                                        "BlockCode": "          ",
                                        "BlockName": " ",
                                        "DisplayOrder": 2,
                                        "ReceiptDeptCode": "   "
                                    },
                                    {
                                        "HospitalCode": 100,
                                        "ValidStartDate": "0001-01-01T00:00:00",
                                        "ValidEndDate": "9999-12-31T00:00:00",
                                        "DeptCode": " 03",
                                        "DeptName": "脳外科",
                                        "DeptName6": "脳外科   ",
                                        "DeptName5": "脳外科  ",
                                        "DeptName3": "脳外科",
                                        "DeptName2": "脳外",
                                        "OperatePlaceCode": "0003",
                                        "InOutDiv": 0,
                                        "UtilizeDiv": 0,
                                        "InstructDiv": 0,
                                        "MedicalDentalDiv": 0,
                                        "PsychiatryDiv": 0,
                                        "DisplayDiv": 1,
                                        "DeptDepartmentDiv": 1,
                                        "WardCode": "05W",
                                        "BlockCode": "          ",
                                        "BlockName": " ",
                                        "DisplayOrder": 3,
                                        "ReceiptDeptCode": "   "
                                    },
                                    {
                                        "HospitalCode": 100,
                                        "ValidStartDate": "0001-01-01T00:00:00",
                                        "ValidEndDate": "9999-12-31T00:00:00",
                                        "DeptCode": " 04",
                                        "DeptName": "整形外科",
                                        "DeptName6": "整形外科  ",
                                        "DeptName5": "整形外科 ",
                                        "DeptName3": "整形外",
                                        "DeptName2": "整形",
                                        "OperatePlaceCode": "0004",
                                        "InOutDiv": 0,
                                        "UtilizeDiv": 0,
                                        "InstructDiv": 0,
                                        "MedicalDentalDiv": 0,
                                        "PsychiatryDiv": 0,
                                        "DisplayDiv": 1,
                                        "DeptDepartmentDiv": 1,
                                        "WardCode": "05W",
                                        "BlockCode": "          ",
                                        "BlockName": " ",
                                        "DisplayOrder": 4,
                                        "ReceiptDeptCode": "   "
                                    },
                                    {
                                        "HospitalCode": 100,
                                        "ValidStartDate": "0001-01-01T00:00:00",
                                        "ValidEndDate": "9999-12-31T00:00:00",
                                        "DeptCode": " 05",
                                        "DeptName": "眼科",
                                        "DeptName6": "眼科    ",
                                        "DeptName5": "眼科   ",
                                        "DeptName3": "眼科 ",
                                        "DeptName2": "眼科",
                                        "OperatePlaceCode": "0005",
                                        "InOutDiv": 0,
                                        "UtilizeDiv": 0,
                                        "InstructDiv": 0,
                                        "MedicalDentalDiv": 0,
                                        "PsychiatryDiv": 0,
                                        "DisplayDiv": 1,
                                        "DeptDepartmentDiv": 1,
                                        "WardCode": "07W",
                                        "BlockCode": "          ",
                                        "BlockName": " ",
                                        "DisplayOrder": 5,
                                        "ReceiptDeptCode": "   "
                                    },
                                    {
                                        "HospitalCode": 100,
                                        "ValidStartDate": "0001-01-01T00:00:00",
                                        "ValidEndDate": "9999-12-31T00:00:00",
                                        "DeptCode": " 06",
                                        "DeptName": "小児科",
                                        "DeptName6": "小児科   ",
                                        "DeptName5": "小児科  ",
                                        "DeptName3": "小児科",
                                        "DeptName2": "小児",
                                        "OperatePlaceCode": "0006",
                                        "InOutDiv": 0,
                                        "UtilizeDiv": 0,
                                        "InstructDiv": 0,
                                        "MedicalDentalDiv": 0,
                                        "PsychiatryDiv": 0,
                                        "DisplayDiv": 1,
                                        "DeptDepartmentDiv": 1,
                                        "WardCode": "07W",
                                        "BlockCode": "          ",
                                        "BlockName": " ",
                                        "DisplayOrder": 6,
                                        "ReceiptDeptCode": "   "
                                    },
                                    {
                                        "HospitalCode": 100,
                                        "ValidStartDate": "0001-01-01T00:00:00",
                                        "ValidEndDate": "9999-12-31T00:00:00",
                                        "DeptCode": " 07",
                                        "DeptName": "産婦人科",
                                        "DeptName6": "産婦人科  ",
                                        "DeptName5": "産婦人科 ",
                                        "DeptName3": "産婦人",
                                        "DeptName2": "婦人",
                                        "OperatePlaceCode": "0007",
                                        "InOutDiv": 0,
                                        "UtilizeDiv": 0,
                                        "InstructDiv": 0,
                                        "MedicalDentalDiv": 0,
                                        "PsychiatryDiv": 0,
                                        "DisplayDiv": 1,
                                        "DeptDepartmentDiv": 1,
                                        "WardCode": "06W",
                                        "BlockCode": "          ",
                                        "BlockName": " ",
                                        "DisplayOrder": 7,
                                        "ReceiptDeptCode": "   "
                                    },
                                    {
                                        "HospitalCode": 100,
                                        "ValidStartDate": "0001-01-01T00:00:00",
                                        "ValidEndDate": "9999-12-31T00:00:00",
                                        "DeptCode": " 08",
                                        "DeptName": "泌尿器科",
                                        "DeptName6": "泌尿器科  ",
                                        "DeptName5": "泌尿器科 ",
                                        "DeptName3": "泌尿器",
                                        "DeptName2": "泌尿",
                                        "OperatePlaceCode": "0008",
                                        "InOutDiv": 0,
                                        "UtilizeDiv": 0,
                                        "InstructDiv": 0,
                                        "MedicalDentalDiv": 0,
                                        "PsychiatryDiv": 0,
                                        "DisplayDiv": 1,
                                        "DeptDepartmentDiv": 1,
                                        "WardCode": "05E",
                                        "BlockCode": "          ",
                                        "BlockName": " ",
                                        "DisplayOrder": 8,
                                        "ReceiptDeptCode": "   "
                                    },
                                    {
                                        "HospitalCode": 100,
                                        "ValidStartDate": "0001-01-01T00:00:00",
                                        "ValidEndDate": "9999-12-31T00:00:00",
                                        "DeptCode": " 09",
                                        "DeptName": "耳鼻咽頭科",
                                        "DeptName6": "耳鼻咽頭科 ",
                                        "DeptName5": "耳鼻咽頭科",
                                        "DeptName3": "耳鼻咽",
                                        "DeptName2": "耳鼻",
                                        "OperatePlaceCode": "0009",
                                        "InOutDiv": 0,
                                        "UtilizeDiv": 0,
                                        "InstructDiv": 0,
                                        "MedicalDentalDiv": 0,
                                        "PsychiatryDiv": 0,
                                        "DisplayDiv": 1,
                                        "DeptDepartmentDiv": 1,
                                        "WardCode": "10W",
                                        "BlockCode": "          ",
                                        "BlockName": " ",
                                        "DisplayOrder": 9,
                                        "ReceiptDeptCode": "   "
                                    },
                                    {
                                        "HospitalCode": 100,
                                        "ValidStartDate": "0001-01-01T00:00:00",
                                        "ValidEndDate": "9999-12-31T00:00:00",
                                        "DeptCode": " 10",
                                        "DeptName": "放射線科",
                                        "DeptName6": "放射線科  ",
                                        "DeptName5": "放射線科 ",
                                        "DeptName3": "放射線",
                                        "DeptName2": "放射",
                                        "OperatePlaceCode": "0018",
                                        "InOutDiv": 0,
                                        "UtilizeDiv": 0,
                                        "InstructDiv": 0,
                                        "MedicalDentalDiv": 0,
                                        "PsychiatryDiv": 0,
                                        "DisplayDiv": 1,
                                        "DeptDepartmentDiv": 1,
                                        "WardCode": "10E",
                                        "BlockCode": "          ",
                                        "BlockName": " ",
                                        "DisplayOrder": 10,
                                        "ReceiptDeptCode": "   "
                                    },
                                    {
                                        "HospitalCode": 100,
                                        "ValidStartDate": "0001-01-01T00:00:00",
                                        "ValidEndDate": "9999-12-31T00:00:00",
                                        "DeptCode": " 11",
                                        "DeptName": "麻酔科",
                                        "DeptName6": "麻酔科   ",
                                        "DeptName5": "麻酔科  ",
                                        "DeptName3": "麻酔科",
                                        "DeptName2": "麻酔",
                                        "OperatePlaceCode": "0011",
                                        "InOutDiv": 0,
                                        "UtilizeDiv": 0,
                                        "InstructDiv": 0,
                                        "MedicalDentalDiv": 0,
                                        "PsychiatryDiv": 0,
                                        "DisplayDiv": 1,
                                        "DeptDepartmentDiv": 1,
                                        "WardCode": "06E",
                                        "BlockCode": "          ",
                                        "BlockName": " ",
                                        "DisplayOrder": 11,
                                        "ReceiptDeptCode": "   "
                                    },
                                    {
                                        "HospitalCode": 100,
                                        "ValidStartDate": "0001-01-01T00:00:00",
                                        "ValidEndDate": "9999-12-31T00:00:00",
                                        "DeptCode": " 13",
                                        "DeptName": "神経内科",
                                        "DeptName6": "神経内科  ",
                                        "DeptName5": "神経内科 ",
                                        "DeptName3": "神経内",
                                        "DeptName2": "神内",
                                        "OperatePlaceCode": "0013",
                                        "InOutDiv": 0,
                                        "UtilizeDiv": 0,
                                        "InstructDiv": 0,
                                        "MedicalDentalDiv": 0,
                                        "PsychiatryDiv": 0,
                                        "DisplayDiv": 1,
                                        "DeptDepartmentDiv": 1,
                                        "WardCode": "06W",
                                        "BlockCode": "          ",
                                        "BlockName": " ",
                                        "DisplayOrder": 13,
                                        "ReceiptDeptCode": "   "
                                    },
                                    {
                                        "HospitalCode": 100,
                                        "ValidStartDate": "0001-01-01T00:00:00",
                                        "ValidEndDate": "9999-12-31T00:00:00",
                                        "DeptCode": " 14",
                                        "DeptName": "皮膚科",
                                        "DeptName6": "皮膚科   ",
                                        "DeptName5": "皮膚科  ",
                                        "DeptName3": "皮膚科",
                                        "DeptName2": "皮膚",
                                        "OperatePlaceCode": "0014",
                                        "InOutDiv": 0,
                                        "UtilizeDiv": 0,
                                        "InstructDiv": 0,
                                        "MedicalDentalDiv": 0,
                                        "PsychiatryDiv": 0,
                                        "DisplayDiv": 1,
                                        "DeptDepartmentDiv": 1,
                                        "WardCode": "06W",
                                        "BlockCode": "          ",
                                        "BlockName": " ",
                                        "DisplayOrder": 14,
                                        "ReceiptDeptCode": "   "
                                    },
                                    {
                                        "HospitalCode": 100,
                                        "ValidStartDate": "0001-01-01T00:00:00",
                                        "ValidEndDate": "9999-12-31T00:00:00",
                                        "DeptCode": " 15",
                                        "DeptName": "循環器科",
                                        "DeptName6": "循環器科  ",
                                        "DeptName5": "循環器科 ",
                                        "DeptName3": "循環器",
                                        "DeptName2": "循環",
                                        "OperatePlaceCode": "0015",
                                        "InOutDiv": 0,
                                        "UtilizeDiv": 0,
                                        "InstructDiv": 0,
                                        "MedicalDentalDiv": 0,
                                        "PsychiatryDiv": 0,
                                        "DisplayDiv": 1,
                                        "DeptDepartmentDiv": 1,
                                        "WardCode": "07E",
                                        "BlockCode": "          ",
                                        "BlockName": " ",
                                        "DisplayOrder": 15,
                                        "ReceiptDeptCode": "   "
                                    },
                                    {
                                        "HospitalCode": 100,
                                        "ValidStartDate": "0001-01-01T00:00:00",
                                        "ValidEndDate": "9999-12-31T00:00:00",
                                        "DeptCode": " 16",
                                        "DeptName": "スポーツ科",
                                        "DeptName6": "スポーツ科 ",
                                        "DeptName5": "スポーツ科",
                                        "DeptName3": "スポ科",
                                        "DeptName2": "スポ",
                                        "OperatePlaceCode": "0016",
                                        "InOutDiv": 0,
                                        "UtilizeDiv": 0,
                                        "InstructDiv": 0,
                                        "MedicalDentalDiv": 1,
                                        "PsychiatryDiv": 0,
                                        "DisplayDiv": 1,
                                        "DeptDepartmentDiv": 1,
                                        "WardCode": "06W",
                                        "BlockCode": "          ",
                                        "BlockName": " ",
                                        "DisplayOrder": 16,
                                        "ReceiptDeptCode": "   "
                                    },
                                    {
                                        "HospitalCode": 100,
                                        "ValidStartDate": "0001-01-01T00:00:00",
                                        "ValidEndDate": "9999-12-31T00:00:00",
                                        "DeptCode": " 17",
                                        "DeptName": "消化器内科",
                                        "DeptName6": "消化器内科 ",
                                        "DeptName5": "消化器内科",
                                        "DeptName3": "消化内",
                                        "DeptName2": "消内",
                                        "OperatePlaceCode": "0000",
                                        "InOutDiv": 0,
                                        "UtilizeDiv": 0,
                                        "InstructDiv": 0,
                                        "MedicalDentalDiv": 0,
                                        "PsychiatryDiv": 0,
                                        "DisplayDiv": 1,
                                        "DeptDepartmentDiv": 1,
                                        "WardCode": "05W",
                                        "BlockCode": "          ",
                                        "BlockName": " ",
                                        "DisplayOrder": 17,
                                        "ReceiptDeptCode": "   "
                                    },
                                    {
                                        "HospitalCode": 100,
                                        "ValidStartDate": "0001-01-01T00:00:00",
                                        "ValidEndDate": "9999-12-31T00:00:00",
                                        "DeptCode": " 18",
                                        "DeptName": "女性内科",
                                        "DeptName6": "女性内科  ",
                                        "DeptName5": "女性内科 ",
                                        "DeptName3": "女性内",
                                        "DeptName2": "女性",
                                        "OperatePlaceCode": "0000",
                                        "InOutDiv": 0,
                                        "UtilizeDiv": 0,
                                        "InstructDiv": 0,
                                        "MedicalDentalDiv": 0,
                                        "PsychiatryDiv": 0,
                                        "DisplayDiv": 1,
                                        "DeptDepartmentDiv": 1,
                                        "WardCode": "10W",
                                        "BlockCode": "          ",
                                        "BlockName": " ",
                                        "DisplayOrder": 18,
                                        "ReceiptDeptCode": "   "
                                    },
                                    {
                                        "HospitalCode": 100,
                                        "ValidStartDate": "0001-01-01T00:00:00",
                                        "ValidEndDate": "9999-12-31T00:00:00",
                                        "DeptCode": " 19",
                                        "DeptName": "呼吸器内科",
                                        "DeptName6": "呼吸器内科 ",
                                        "DeptName5": "呼吸器内科",
                                        "DeptName3": "呼吸内",
                                        "DeptName2": "呼内",
                                        "OperatePlaceCode": "0000",
                                        "InOutDiv": 0,
                                        "UtilizeDiv": 0,
                                        "InstructDiv": 0,
                                        "MedicalDentalDiv": 0,
                                        "PsychiatryDiv": 0,
                                        "DisplayDiv": 1,
                                        "DeptDepartmentDiv": 1,
                                        "WardCode": "05W",
                                        "BlockCode": "          ",
                                        "BlockName": " ",
                                        "DisplayOrder": 19,
                                        "ReceiptDeptCode": "   "
                                    },
                                    {
                                        "HospitalCode": 100,
                                        "ValidStartDate": "0001-01-01T00:00:00",
                                        "ValidEndDate": "9999-12-31T00:00:00",
                                        "DeptCode": " 20",
                                        "DeptName": "健診科",
                                        "DeptName6": "健診科   ",
                                        "DeptName5": "健診科  ",
                                        "DeptName3": "健診科",
                                        "DeptName2": "健診",
                                        "OperatePlaceCode": "0000",
                                        "InOutDiv": 0,
                                        "UtilizeDiv": 0,
                                        "InstructDiv": 0,
                                        "MedicalDentalDiv": 0,
                                        "PsychiatryDiv": 0,
                                        "DisplayDiv": 1,
                                        "DeptDepartmentDiv": 1,
                                        "WardCode": "   ",
                                        "BlockCode": "          ",
                                        "BlockName": " ",
                                        "DisplayOrder": 20,
                                        "ReceiptDeptCode": "   "
                                    },
                                    {
                                        "HospitalCode": 100,
                                        "ValidStartDate": "0001-01-01T00:00:00",
                                        "ValidEndDate": "9999-12-31T00:00:00",
                                        "DeptCode": " 21",
                                        "DeptName": "血液・幹細胞移植科",
                                        "DeptName6": "血液幹細胞科",
                                        "DeptName5": "血液細胞科",
                                        "DeptName3": "血液 ",
                                        "DeptName2": "血液",
                                        "OperatePlaceCode": "0000",
                                        "InOutDiv": 0,
                                        "UtilizeDiv": 0,
                                        "InstructDiv": 0,
                                        "MedicalDentalDiv": 0,
                                        "PsychiatryDiv": 0,
                                        "DisplayDiv": 1,
                                        "DeptDepartmentDiv": 1,
                                        "WardCode": "04E",
                                        "BlockCode": "          ",
                                        "BlockName": " ",
                                        "DisplayOrder": 21,
                                        "ReceiptDeptCode": "   "
                                    },
                                    {
                                        "HospitalCode": 100,
                                        "ValidStartDate": "0001-01-01T00:00:00",
                                        "ValidEndDate": "9999-12-31T00:00:00",
                                        "DeptCode": " 22",
                                        "DeptName": "小児科２",
                                        "DeptName6": "小児科２  ",
                                        "DeptName5": "小児科２ ",
                                        "DeptName3": "小児２",
                                        "DeptName2": "小２",
                                        "OperatePlaceCode": "0000",
                                        "InOutDiv": 0,
                                        "UtilizeDiv": 0,
                                        "InstructDiv": 0,
                                        "MedicalDentalDiv": 0,
                                        "PsychiatryDiv": 0,
                                        "DisplayDiv": 1,
                                        "DeptDepartmentDiv": 1,
                                        "WardCode": "04E",
                                        "BlockCode": "          ",
                                        "BlockName": " ",
                                        "DisplayOrder": 22,
                                        "ReceiptDeptCode": "   "
                                    },
                                    {
                                        "HospitalCode": 100,
                                        "ValidStartDate": "0001-01-01T00:00:00",
                                        "ValidEndDate": "9999-12-31T00:00:00",
                                        "DeptCode": " 23",
                                        "DeptName": "腎・内分泌・代謝科",
                                        "DeptName6": "腎内代科  ",
                                        "DeptName5": "腎内代科 ",
                                        "DeptName3": "腎内代",
                                        "DeptName2": "腎内",
                                        "OperatePlaceCode": "0000",
                                        "InOutDiv": 0,
                                        "UtilizeDiv": 0,
                                        "InstructDiv": 0,
                                        "MedicalDentalDiv": 0,
                                        "PsychiatryDiv": 0,
                                        "DisplayDiv": 1,
                                        "DeptDepartmentDiv": 1,
                                        "WardCode": "06E",
                                        "BlockCode": "          ",
                                        "BlockName": " ",
                                        "DisplayOrder": 23,
                                        "ReceiptDeptCode": "   "
                                    },
                                    {
                                        "HospitalCode": 100,
                                        "ValidStartDate": "0001-01-01T00:00:00",
                                        "ValidEndDate": "9999-12-31T00:00:00",
                                        "DeptCode": " 24",
                                        "DeptName": "緩和医療科",
                                        "DeptName6": "緩和医療科 ",
                                        "DeptName5": "緩和医療科",
                                        "DeptName3": "緩和 ",
                                        "DeptName2": "緩和",
                                        "OperatePlaceCode": "0000",
                                        "InOutDiv": 0,
                                        "UtilizeDiv": 0,
                                        "InstructDiv": 0,
                                        "MedicalDentalDiv": 0,
                                        "PsychiatryDiv": 0,
                                        "DisplayDiv": 1,
                                        "DeptDepartmentDiv": 1,
                                        "WardCode": "04W",
                                        "BlockCode": "          ",
                                        "BlockName": " ",
                                        "DisplayOrder": 24,
                                        "ReceiptDeptCode": "   "
                                    },
                                    {
                                        "HospitalCode": 100,
                                        "ValidStartDate": "0001-01-01T00:00:00",
                                        "ValidEndDate": "9999-12-31T00:00:00",
                                        "DeptCode": " 25",
                                        "DeptName": "循環器科２",
                                        "DeptName6": "循環器科２ ",
                                        "DeptName5": "循環器科２",
                                        "DeptName3": "循環２",
                                        "DeptName2": "循２",
                                        "OperatePlaceCode": "0000",
                                        "InOutDiv": 0,
                                        "UtilizeDiv": 0,
                                        "InstructDiv": 0,
                                        "MedicalDentalDiv": 0,
                                        "PsychiatryDiv": 0,
                                        "DisplayDiv": 1,
                                        "DeptDepartmentDiv": 1,
                                        "WardCode": "06E",
                                        "BlockCode": "          ",
                                        "BlockName": " ",
                                        "DisplayOrder": 25,
                                        "ReceiptDeptCode": "   "
                                    },
                                    {
                                        "HospitalCode": 100,
                                        "ValidStartDate": "0001-01-01T00:00:00",
                                        "ValidEndDate": "9999-12-31T00:00:00",
                                        "DeptCode": " 26",
                                        "DeptName": "感染症科",
                                        "DeptName6": "感染症科  ",
                                        "DeptName5": "感染症科 ",
                                        "DeptName3": "感染症",
                                        "DeptName2": "感染",
                                        "OperatePlaceCode": "0000",
                                        "InOutDiv": 0,
                                        "UtilizeDiv": 0,
                                        "InstructDiv": 0,
                                        "MedicalDentalDiv": 0,
                                        "PsychiatryDiv": 0,
                                        "DisplayDiv": 1,
                                        "DeptDepartmentDiv": 1,
                                        "WardCode": "   ",
                                        "BlockCode": "          ",
                                        "BlockName": " ",
                                        "DisplayOrder": 26,
                                        "ReceiptDeptCode": "   "
                                    },
                                    {
                                        "HospitalCode": 100,
                                        "ValidStartDate": "0001-01-01T00:00:00",
                                        "ValidEndDate": "9999-12-31T00:00:00",
                                        "DeptCode": " 27",
                                        "DeptName": "リハビリテーション科",
                                        "DeptName6": "リハ科   ",
                                        "DeptName5": "リハ科  ",
                                        "DeptName3": "リハ ",
                                        "DeptName2": "リハ",
                                        "OperatePlaceCode": "0000",
                                        "InOutDiv": 0,
                                        "UtilizeDiv": 0,
                                        "InstructDiv": 0,
                                        "MedicalDentalDiv": 0,
                                        "PsychiatryDiv": 0,
                                        "DisplayDiv": 1,
                                        "DeptDepartmentDiv": 1,
                                        "WardCode": "   ",
                                        "BlockCode": "          ",
                                        "BlockName": " ",
                                        "DisplayOrder": 27,
                                        "ReceiptDeptCode": "   "
                                    },
                                    {
                                        "HospitalCode": 100,
                                        "ValidStartDate": "0001-01-01T00:00:00",
                                        "ValidEndDate": "9999-12-31T00:00:00",
                                        "DeptCode": " 28",
                                        "DeptName": "精神腫瘍科",
                                        "DeptName6": "精神腫瘍科 ",
                                        "DeptName5": "精神腫瘍科",
                                        "DeptName3": "精神腫",
                                        "DeptName2": "精神",
                                        "OperatePlaceCode": "0000",
                                        "InOutDiv": 0,
                                        "UtilizeDiv": 0,
                                        "InstructDiv": 0,
                                        "MedicalDentalDiv": 0,
                                        "PsychiatryDiv": 0,
                                        "DisplayDiv": 1,
                                        "DeptDepartmentDiv": 1,
                                        "WardCode": "   ",
                                        "BlockCode": "          ",
                                        "BlockName": " ",
                                        "DisplayOrder": 28,
                                        "ReceiptDeptCode": "   "
                                    },
                                    {
                                        "HospitalCode": 100,
                                        "ValidStartDate": "0001-01-01T00:00:00",
                                        "ValidEndDate": "9999-12-31T00:00:00",
                                        "DeptCode": " 29",
                                        "DeptName": "麻酔科２",
                                        "DeptName6": "麻酔科２  ",
                                        "DeptName5": "麻酔科２ ",
                                        "DeptName3": "麻酔２",
                                        "DeptName2": "麻２",
                                        "OperatePlaceCode": "0000",
                                        "InOutDiv": 0,
                                        "UtilizeDiv": 0,
                                        "InstructDiv": 0,
                                        "MedicalDentalDiv": 0,
                                        "PsychiatryDiv": 0,
                                        "DisplayDiv": 1,
                                        "DeptDepartmentDiv": 1,
                                        "WardCode": "   ",
                                        "BlockCode": "          ",
                                        "BlockName": " ",
                                        "DisplayOrder": 29,
                                        "ReceiptDeptCode": "   "
                                    },
                                    {
                                        "HospitalCode": 100,
                                        "ValidStartDate": "0001-01-01T00:00:00",
                                        "ValidEndDate": "9999-12-31T00:00:00",
                                        "DeptCode": " 30",
                                        "DeptName": "集中治療科",
                                        "DeptName6": "集中治療科 ",
                                        "DeptName5": "集中治療科",
                                        "DeptName3": "集治 ",
                                        "DeptName2": "集治",
                                        "OperatePlaceCode": "0000",
                                        "InOutDiv": 0,
                                        "UtilizeDiv": 0,
                                        "InstructDiv": 0,
                                        "MedicalDentalDiv": 0,
                                        "PsychiatryDiv": 0,
                                        "DisplayDiv": 1,
                                        "DeptDepartmentDiv": 1,
                                        "WardCode": "   ",
                                        "BlockCode": "          ",
                                        "BlockName": " ",
                                        "DisplayOrder": 30,
                                        "ReceiptDeptCode": "   "
                                    },
                                    {
                                        "HospitalCode": 100,
                                        "ValidStartDate": "0001-01-01T00:00:00",
                                        "ValidEndDate": "9999-12-31T00:00:00",
                                        "DeptCode": " 31",
                                        "DeptName": "内視鏡科",
                                        "DeptName6": "内視鏡科  ",
                                        "DeptName5": "内視鏡科 ",
                                        "DeptName3": "内視鏡",
                                        "DeptName2": "内視",
                                        "OperatePlaceCode": "0017",
                                        "InOutDiv": 0,
                                        "UtilizeDiv": 0,
                                        "InstructDiv": 0,
                                        "MedicalDentalDiv": 0,
                                        "PsychiatryDiv": 0,
                                        "DisplayDiv": 1,
                                        "DeptDepartmentDiv": 1,
                                        "WardCode": "   ",
                                        "BlockCode": "          ",
                                        "BlockName": " ",
                                        "DisplayOrder": 31,
                                        "ReceiptDeptCode": "   "
                                    },
                                    {
                                        "HospitalCode": 100,
                                        "ValidStartDate": "0001-01-01T00:00:00",
                                        "ValidEndDate": "9999-12-31T00:00:00",
                                        "DeptCode": " 32",
                                        "DeptName": "画像診断科",
                                        "DeptName6": "画像診断科 ",
                                        "DeptName5": "画像診断科",
                                        "DeptName3": "画像 ",
                                        "DeptName2": "画像",
                                        "OperatePlaceCode": "0020",
                                        "InOutDiv": 0,
                                        "UtilizeDiv": 0,
                                        "InstructDiv": 0,
                                        "MedicalDentalDiv": 0,
                                        "PsychiatryDiv": 0,
                                        "DisplayDiv": 1,
                                        "DeptDepartmentDiv": 1,
                                        "WardCode": "05E",
                                        "BlockCode": "          ",
                                        "BlockName": " ",
                                        "DisplayOrder": 32,
                                        "ReceiptDeptCode": "   "
                                    },
                                    {
                                        "HospitalCode": 100,
                                        "ValidStartDate": "0001-01-01T00:00:00",
                                        "ValidEndDate": "9999-12-31T00:00:00",
                                        "DeptCode": " 33",
                                        "DeptName": "放射線治療科",
                                        "DeptName6": "放射線治療科",
                                        "DeptName5": "放射治療科",
                                        "DeptName3": "放治 ",
                                        "DeptName2": "放治",
                                        "OperatePlaceCode": "0030",
                                        "InOutDiv": 0,
                                        "UtilizeDiv": 0,
                                        "InstructDiv": 0,
                                        "MedicalDentalDiv": 0,
                                        "PsychiatryDiv": 0,
                                        "DisplayDiv": 1,
                                        "DeptDepartmentDiv": 1,
                                        "WardCode": "   ",
                                        "BlockCode": "          ",
                                        "BlockName": " ",
                                        "DisplayOrder": 33,
                                        "ReceiptDeptCode": "   "
                                    },
                                    {
                                        "HospitalCode": 100,
                                        "ValidStartDate": "0001-01-01T00:00:00",
                                        "ValidEndDate": "9999-12-31T00:00:00",
                                        "DeptCode": " 34",
                                        "DeptName": "陽子線治療科",
                                        "DeptName6": "陽子線治療科",
                                        "DeptName5": "陽子治療科",
                                        "DeptName3": "陽治 ",
                                        "DeptName2": "陽治",
                                        "OperatePlaceCode": "0030",
                                        "InOutDiv": 0,
                                        "UtilizeDiv": 0,
                                        "InstructDiv": 0,
                                        "MedicalDentalDiv": 0,
                                        "PsychiatryDiv": 0,
                                        "DisplayDiv": 1,
                                        "DeptDepartmentDiv": 1,
                                        "WardCode": "   ",
                                        "BlockCode": "          ",
                                        "BlockName": " ",
                                        "DisplayOrder": 34,
                                        "ReceiptDeptCode": "   "
                                    },
                                    {
                                        "HospitalCode": 100,
                                        "ValidStartDate": "0001-01-01T00:00:00",
                                        "ValidEndDate": "9999-12-31T00:00:00",
                                        "DeptCode": " 35",
                                        "DeptName": "臨床病理・細胞診科",
                                        "DeptName6": "臨床病理科 ",
                                        "DeptName5": "臨床病理科",
                                        "DeptName3": "病理 ",
                                        "DeptName2": "病理",
                                        "OperatePlaceCode": "0020",
                                        "InOutDiv": 0,
                                        "UtilizeDiv": 0,
                                        "InstructDiv": 0,
                                        "MedicalDentalDiv": 0,
                                        "PsychiatryDiv": 0,
                                        "DisplayDiv": 1,
                                        "DeptDepartmentDiv": 1,
                                        "WardCode": "   ",
                                        "BlockCode": "          ",
                                        "BlockName": " ",
                                        "DisplayOrder": 35,
                                        "ReceiptDeptCode": "   "
                                    },
                                    {
                                        "HospitalCode": 100,
                                        "ValidStartDate": "0001-01-01T00:00:00",
                                        "ValidEndDate": "9999-12-31T00:00:00",
                                        "DeptCode": " 36",
                                        "DeptName": "検診科",
                                        "DeptName6": "検診科   ",
                                        "DeptName5": "検診科  ",
                                        "DeptName3": "検診 ",
                                        "DeptName2": "検診",
                                        "OperatePlaceCode": "0020",
                                        "InOutDiv": 0,
                                        "UtilizeDiv": 0,
                                        "InstructDiv": 0,
                                        "MedicalDentalDiv": 0,
                                        "PsychiatryDiv": 0,
                                        "DisplayDiv": 1,
                                        "DeptDepartmentDiv": 1,
                                        "WardCode": "10E",
                                        "BlockCode": "          ",
                                        "BlockName": " ",
                                        "DisplayOrder": 36,
                                        "ReceiptDeptCode": "   "
                                    },
                                    {
                                        "HospitalCode": 100,
                                        "ValidStartDate": "0001-01-01T00:00:00",
                                        "ValidEndDate": "9999-12-31T00:00:00",
                                        "DeptCode": " 37",
                                        "DeptName": "初診・総合外来",
                                        "DeptName6": "初診総合外来",
                                        "DeptName5": "初診総合外",
                                        "DeptName3": "初診 ",
                                        "DeptName2": "初診",
                                        "OperatePlaceCode": "0020",
                                        "InOutDiv": 0,
                                        "UtilizeDiv": 0,
                                        "InstructDiv": 0,
                                        "MedicalDentalDiv": 0,
                                        "PsychiatryDiv": 0,
                                        "DisplayDiv": 1,
                                        "DeptDepartmentDiv": 1,
                                        "WardCode": "   ",
                                        "BlockCode": "          ",
                                        "BlockName": " ",
                                        "DisplayOrder": 37,
                                        "ReceiptDeptCode": "   "
                                    },
                                    {
                                        "HospitalCode": 100,
                                        "ValidStartDate": "0001-01-01T00:00:00",
                                        "ValidEndDate": "9999-12-31T00:00:00",
                                        "DeptCode": " 38",
                                        "DeptName": "歯科",
                                        "DeptName6": "歯科    ",
                                        "DeptName5": "歯科   ",
                                        "DeptName3": "歯科 ",
                                        "DeptName2": "歯科",
                                        "OperatePlaceCode": "0020",
                                        "InOutDiv": 0,
                                        "UtilizeDiv": 0,
                                        "InstructDiv": 0,
                                        "MedicalDentalDiv": 1,
                                        "PsychiatryDiv": 0,
                                        "DisplayDiv": 1,
                                        "DeptDepartmentDiv": 1,
                                        "WardCode": "   ",
                                        "BlockCode": "          ",
                                        "BlockName": " ",
                                        "DisplayOrder": 38,
                                        "ReceiptDeptCode": "   "
                                    },
                                    {
                                        "HospitalCode": 100,
                                        "ValidStartDate": "0001-01-01T00:00:00",
                                        "ValidEndDate": "9999-12-31T00:00:00",
                                        "DeptCode": " 39",
                                        "DeptName": "神経内科２",
                                        "DeptName6": "神経内科２ ",
                                        "DeptName5": "神経内科２",
                                        "DeptName3": "神経２",
                                        "DeptName2": "神２",
                                        "OperatePlaceCode": "0020",
                                        "InOutDiv": 0,
                                        "UtilizeDiv": 0,
                                        "InstructDiv": 0,
                                        "MedicalDentalDiv": 0,
                                        "PsychiatryDiv": 0,
                                        "DisplayDiv": 1,
                                        "DeptDepartmentDiv": 1,
                                        "WardCode": "   ",
                                        "BlockCode": "          ",
                                        "BlockName": " ",
                                        "DisplayOrder": 39,
                                        "ReceiptDeptCode": "   "
                                    },
                                    {
                                        "HospitalCode": 100,
                                        "ValidStartDate": "0001-01-01T00:00:00",
                                        "ValidEndDate": "9999-12-31T00:00:00",
                                        "DeptCode": " 40",
                                        "DeptName": "医療連携",
                                        "DeptName6": "医療連携  ",
                                        "DeptName5": "医療連携 ",
                                        "DeptName3": "連携 ",
                                        "DeptName2": "連携",
                                        "OperatePlaceCode": "    ",
                                        "InOutDiv": 0,
                                        "UtilizeDiv": 0,
                                        "InstructDiv": 0,
                                        "MedicalDentalDiv": 0,
                                        "PsychiatryDiv": 0,
                                        "DisplayDiv": 1,
                                        "DeptDepartmentDiv": 1,
                                        "WardCode": "   ",
                                        "BlockCode": "          ",
                                        "BlockName": " ",
                                        "DisplayOrder": 40,
                                        "ReceiptDeptCode": "   "
                                    },
                                    {
                                        "HospitalCode": 100,
                                        "ValidStartDate": "0001-01-01T00:00:00",
                                        "ValidEndDate": "9999-12-31T00:00:00",
                                        "DeptCode": " 41",
                                        "DeptName": "よろず相談",
                                        "DeptName6": "よろず相談 ",
                                        "DeptName5": "よろず相談",
                                        "DeptName3": "相談 ",
                                        "DeptName2": "相談",
                                        "OperatePlaceCode": "    ",
                                        "InOutDiv": 0,
                                        "UtilizeDiv": 0,
                                        "InstructDiv": 0,
                                        "MedicalDentalDiv": 0,
                                        "PsychiatryDiv": 0,
                                        "DisplayDiv": 1,
                                        "DeptDepartmentDiv": 1,
                                        "WardCode": "   ",
                                        "BlockCode": "          ",
                                        "BlockName": " ",
                                        "DisplayOrder": 41,
                                        "ReceiptDeptCode": "   "
                                    },
                                    {
                                        "HospitalCode": 100,
                                        "ValidStartDate": "0001-01-01T00:00:00",
                                        "ValidEndDate": "9999-12-31T00:00:00",
                                        "DeptCode": " 12",
                                        "DeptName": "眼科２",
                                        "DeptName6": "眼科２   ",
                                        "DeptName5": "眼科２  ",
                                        "DeptName3": "眼科２",
                                        "DeptName2": "眼２",
                                        "OperatePlaceCode": "0000",
                                        "InOutDiv": 0,
                                        "UtilizeDiv": 0,
                                        "InstructDiv": 0,
                                        "MedicalDentalDiv": 0,
                                        "PsychiatryDiv": 0,
                                        "DisplayDiv": 1,
                                        "DeptDepartmentDiv": 1,
                                        "WardCode": "07E",
                                        "BlockCode": "          ",
                                        "BlockName": " ",
                                        "DisplayOrder": 50,
                                        "ReceiptDeptCode": "   "
                                    },
                                    {
                                        "HospitalCode": 100,
                                        "ValidStartDate": "0001-01-01T00:00:00",
                                        "ValidEndDate": "9999-12-31T00:00:00",
                                        "DeptCode": " 61",
                                        "DeptName": "ＷＯＣケア",
                                        "DeptName6": "ＷＯＣケア ",
                                        "DeptName5": "ＷＯＣ  ",
                                        "DeptName3": "ＷＯＣ",
                                        "DeptName2": "ＷＯ",
                                        "OperatePlaceCode": "    ",
                                        "InOutDiv": 0,
                                        "UtilizeDiv": 0,
                                        "InstructDiv": 0,
                                        "MedicalDentalDiv": 0,
                                        "PsychiatryDiv": 0,
                                        "DisplayDiv": 1,
                                        "DeptDepartmentDiv": 1,
                                        "WardCode": "   ",
                                        "BlockCode": "          ",
                                        "BlockName": " ",
                                        "DisplayOrder": 61,
                                        "ReceiptDeptCode": "   "
                                    },
                                    {
                                        "HospitalCode": 100,
                                        "ValidStartDate": "0001-01-01T00:00:00",
                                        "ValidEndDate": "9999-12-31T00:00:00",
                                        "DeptCode": " 62",
                                        "DeptName": "機能温存・回復",
                                        "DeptName6": "機能温存回復",
                                        "DeptName5": "機能回復 ",
                                        "DeptName3": "回復サ",
                                        "DeptName2": "回サ",
                                        "OperatePlaceCode": "    ",
                                        "InOutDiv": 0,
                                        "UtilizeDiv": 0,
                                        "InstructDiv": 0,
                                        "MedicalDentalDiv": 0,
                                        "PsychiatryDiv": 0,
                                        "DisplayDiv": 1,
                                        "DeptDepartmentDiv": 1,
                                        "WardCode": "   ",
                                        "BlockCode": "          ",
                                        "BlockName": " ",
                                        "DisplayOrder": 62,
                                        "ReceiptDeptCode": "   "
                                    },
                                    {
                                        "HospitalCode": 100,
                                        "ValidStartDate": "0001-01-01T00:00:00",
                                        "ValidEndDate": "9999-12-31T00:00:00",
                                        "DeptCode": " 63",
                                        "DeptName": "口腔ケア",
                                        "DeptName6": "口腔ケア  ",
                                        "DeptName5": "口腔ケア ",
                                        "DeptName3": "口腔サ",
                                        "DeptName2": "口サ",
                                        "OperatePlaceCode": "    ",
                                        "InOutDiv": 0,
                                        "UtilizeDiv": 0,
                                        "InstructDiv": 0,
                                        "MedicalDentalDiv": 0,
                                        "PsychiatryDiv": 0,
                                        "DisplayDiv": 1,
                                        "DeptDepartmentDiv": 1,
                                        "WardCode": "   ",
                                        "BlockCode": "          ",
                                        "BlockName": " ",
                                        "DisplayOrder": 63,
                                        "ReceiptDeptCode": "   "
                                    },
                                    {
                                        "HospitalCode": 100,
                                        "ValidStartDate": "0001-01-01T00:00:00",
                                        "ValidEndDate": "9999-12-31T00:00:00",
                                        "DeptCode": " 64",
                                        "DeptName": "緩和ケア",
                                        "DeptName6": "緩和ケア  ",
                                        "DeptName5": "緩和ケア ",
                                        "DeptName3": "緩和サ",
                                        "DeptName2": "緩サ",
                                        "OperatePlaceCode": "    ",
                                        "InOutDiv": 0,
                                        "UtilizeDiv": 0,
                                        "InstructDiv": 0,
                                        "MedicalDentalDiv": 0,
                                        "PsychiatryDiv": 0,
                                        "DisplayDiv": 1,
                                        "DeptDepartmentDiv": 1,
                                        "WardCode": "   ",
                                        "BlockCode": "          ",
                                        "BlockName": " ",
                                        "DisplayOrder": 64,
                                        "ReceiptDeptCode": "   "
                                    },
                                    {
                                        "HospitalCode": 100,
                                        "ValidStartDate": "0001-01-01T00:00:00",
                                        "ValidEndDate": "9999-12-31T00:00:00",
                                        "DeptCode": " 65",
                                        "DeptName": "栄養サポート",
                                        "DeptName6": "栄養サポート",
                                        "DeptName5": "栄養サポ ",
                                        "DeptName3": "栄養サ",
                                        "DeptName2": "栄サ",
                                        "OperatePlaceCode": "    ",
                                        "InOutDiv": 0,
                                        "UtilizeDiv": 0,
                                        "InstructDiv": 0,
                                        "MedicalDentalDiv": 0,
                                        "PsychiatryDiv": 0,
                                        "DisplayDiv": 1,
                                        "DeptDepartmentDiv": 1,
                                        "WardCode": "   ",
                                        "BlockCode": "          ",
                                        "BlockName": " ",
                                        "DisplayOrder": 65,
                                        "ReceiptDeptCode": "   "
                                    },
                                    {
                                        "HospitalCode": 100,
                                        "ValidStartDate": "0001-01-01T00:00:00",
                                        "ValidEndDate": "9999-12-31T00:00:00",
                                        "DeptCode": " 66",
                                        "DeptName": "呼吸サポート",
                                        "DeptName6": "呼吸サポート",
                                        "DeptName5": "呼吸サポ ",
                                        "DeptName3": "呼吸サ",
                                        "DeptName2": "呼サ",
                                        "OperatePlaceCode": "    ",
                                        "InOutDiv": 0,
                                        "UtilizeDiv": 0,
                                        "InstructDiv": 0,
                                        "MedicalDentalDiv": 0,
                                        "PsychiatryDiv": 0,
                                        "DisplayDiv": 1,
                                        "DeptDepartmentDiv": 1,
                                        "WardCode": "   ",
                                        "BlockCode": "          ",
                                        "BlockName": " ",
                                        "DisplayOrder": 66,
                                        "ReceiptDeptCode": "   "
                                    },
                                    {
                                        "HospitalCode": 100,
                                        "ValidStartDate": "0001-01-01T00:00:00",
                                        "ValidEndDate": "9999-12-31T00:00:00",
                                        "DeptCode": " 95",
                                        "DeptName": "正常新生児科",
                                        "DeptName6": "正常新生児科",
                                        "DeptName5": "新生児科 ",
                                        "DeptName3": "新生児",
                                        "DeptName2": "新生",
                                        "OperatePlaceCode": "    ",
                                        "InOutDiv": 0,
                                        "UtilizeDiv": 0,
                                        "InstructDiv": 0,
                                        "MedicalDentalDiv": 0,
                                        "PsychiatryDiv": 0,
                                        "DisplayDiv": 1,
                                        "DeptDepartmentDiv": 1,
                                        "WardCode": "   ",
                                        "BlockCode": "          ",
                                        "BlockName": " ",
                                        "DisplayOrder": 95,
                                        "ReceiptDeptCode": "   "
                                    }
                                ]
                            }
                        },
                        "ContextId": "GenericSearch"
                    }
                ]
            }
        }
    ]
}