{
    "idwsf_response_common": {
        "api_status": "IRC001",
        "api_message": "情報連携が完了しました。",
        "count": "1"
    },
    "idwsf_response_body": [
        {
            "data_header": {
                "data_format": "JSON",
                "group_id": "GRP000000001035",
                "data_status": "IRB001",
                "data_message": "情報連携が成功しました。"
            },
            "data_body": {
                "results": [
                    {
                        "deptdode": " 01",
                        "deptname": "内科"
                    },
                    {
                        "deptdode": " 02",
                        "deptname": "外科"
                    },
                    {
                        "deptdode": " 03",
                        "deptname": "脳外科"
                    },
                    {
                        "deptdode": " 04",
                        "deptname": "整形外科"
                    },
                    {
                        "deptdode": " 05",
                        "deptname": "眼科"
                    },
                    {
                        "deptdode": " 06",
                        "deptname": "小児科"
                    },
                    {
                        "deptdode": " 07",
                        "deptname": "産婦人科"
                    },
                    {
                        "deptdode": " 08",
                        "deptname": "泌尿器科"
                    },
                    {
                        "deptdode": " 09",
                        "deptname": "耳鼻咽頭科"
                    },
                    {
                        "deptdode": " 10",
                        "deptname": "放射線科"
                    },
                    {
                        "deptdode": " 11",
                        "deptname": "麻酔科"
                    },
                    {
                        "deptdode": " 13",
                        "deptname": "神経内科"
                    },
                    {
                        "deptdode": " 14",
                        "deptname": "皮膚科"
                    },
                    {
                        "deptdode": " 15",
                        "deptname": "循環器科"
                    },
                    {
                        "deptdode": " 16",
                        "deptname": "スポーツ科"
                    },
                    {
                        "deptdode": " 17",
                        "deptname": "消化器内科"
                    },
                    {
                        "deptdode": " 18",
                        "deptname": "女性内科"
                    },
                    {
                        "deptdode": " 19",
                        "deptname": "呼吸器内科"
                    },
                    {
                        "deptdode": " 20",
                        "deptname": "健診科"
                    },
                    {
                        "deptdode": " 21",
                        "deptname": "血液・幹細胞移植科"
                    },
                    {
                        "deptdode": " 22",
                        "deptname": "小児科２"
                    },
                    {
                        "deptdode": " 23",
                        "deptname": "腎・内分泌・代謝科"
                    },
                    {
                        "deptdode": " 24",
                        "deptname": "緩和医療科"
                    },
                    {
                        "deptdode": " 25",
                        "deptname": "循環器科２"
                    },
                    {
                        "deptdode": " 26",
                        "deptname": "感染症科"
                    },
                    {
                        "deptdode": " 27",
                        "deptname": "リハビリテーション科"
                    },
                    {
                        "deptdode": " 28",
                        "deptname": "精神腫瘍科"
                    },
                    {
                        "deptdode": " 29",
                        "deptname": "麻酔科２"
                    },
                    {
                        "deptdode": " 30",
                        "deptname": "集中治療科"
                    },
                    {
                        "deptdode": " 31",
                        "deptname": "内視鏡科"
                    },
                    {
                        "deptdode": " 32",
                        "deptname": "画像診断科"
                    },
                    {
                        "deptdode": " 33",
                        "deptname": "放射線治療科"
                    },
                    {
                        "deptdode": " 34",
                        "deptname": "陽子線治療科"
                    },
                    {
                        "deptdode": " 35",
                        "deptname": "臨床病理・細胞診科"
                    },
                    {
                        "deptdode": " 36",
                        "deptname": "検診科"
                    },
                    {
                        "deptdode": " 37",
                        "deptname": "初診・総合外来"
                    },
                    {
                        "deptdode": " 38",
                        "deptname": "歯科"
                    },
                    {
                        "deptdode": " 39",
                        "deptname": "神経内科２"
                    },
                    {
                        "deptdode": " 40",
                        "deptname": "医療連携"
                    },
                    {
                        "deptdode": " 41",
                        "deptname": "よろず相談"
                    },
                    {
                        "deptdode": " 12",
                        "deptname": "眼科２"
                    },
                    {
                        "deptdode": " 61",
                        "deptname": "ＷＯＣケア"
                    },
                    {
                        "deptdode": " 62",
                        "deptname": "機能温存・回復"
                    },
                    {
                        "deptdode": " 63",
                        "deptname": "口腔ケア"
                    },
                    {
                        "deptdode": " 64",
                        "deptname": "緩和ケア"
                    },
                    {
                        "deptdode": " 65",
                        "deptname": "栄養サポート"
                    },
                    {
                        "deptdode": " 66",
                        "deptname": "呼吸サポート"
                    }
                ],
                "status": {
                    "status": "OK",
                    "messageid": "",
                    "message": ""
                }
            }
        }
    ]
}