[
  {
    "group_id": "GRP000000001016",
    "team_id": "REC000000004879",
    "local_patient_id": "9999000594",
    "signup_date": 1494508029423,
    "cancel_date": 1494552288488
  },
  {
    "group_id": "GRP000000001016",
    "team_id": "REC000000004897",
    "local_patient_id": "9999000594",
    "signup_date": 1494559259825,
    "cancel_date": 1494587735121
  },
  {
    "group_id": "GRP000000001016",
    "team_id": "REC000000004901",
    "local_patient_id": "9999000601",
    "signup_date": 1494567045702,
    "cancel_date": 1494567570840
  },
  {
    "group_id": "GRP000000001016",
    "team_id": "REC000000004903",
    "local_patient_id": "9999000601",
    "signup_date": 1494571203421,
    "cancel_date": 1494574505421
  },
  {
    "group_id": "GRP000000001016",
    "team_id": "REC000000004906",
    "local_patient_id": "9999000601",
    "signup_date": 1494583797030,
    "cancel_date": 1494585507965
  },
  {
    "group_id": "GRP000000001016",
    "team_id": "REC000000004908",
    "local_patient_id": "9999000601",
    "signup_date": 1494586111411,
    "cancel_date": 1538022068466
  },
  {
    "group_id": "GRP000000001016",
    "team_id": "REC000000004910",
    "local_patient_id": "9999000594",
    "signup_date": 1494588320731,
    "cancel_date": 1494821975273
  },
  {
    "group_id": "GRP000000001016",
    "team_id": "REC000000004988",
    "local_patient_id": "9999000763",
    "signup_date": 1496970246398,
    "cancel_date": 1497318476747
  },
  {
    "group_id": "GRP000000001016",
    "team_id": "REC000000005122",
    "local_patient_id": "9999000763",
    "signup_date": 1497318547859,
    "cancel_date": 1498024409456
  },
  {
    "group_id": "GRP000000001016",
    "team_id": "REC000000005162",
    "local_patient_id": "9999000763",
    "signup_date": 1498024530756,
    "cancel_date": 1512033062096
  },
  {
    "group_id": "GRP000000001016",
    "team_id": "REC000000005199",
    "local_patient_id": "9999000905",
    "signup_date": 1498615393145,
    "cancel_date": 1499408050780
  },
  {
    "group_id": "GRP000000001016",
    "team_id": "REC000000005233",
    "local_patient_id": "9999000549",
    "signup_date": 1499238093620,
    "cancel_date": 1507009939778
  },
  {
    "group_id": "GRP000000001016",
    "team_id": "REC000000005421",
    "local_patient_id": "9999000308",
    "signup_date": 1502344297622,
    "cancel_date": null
  },
  {
    "group_id": "GRP000000001016",
    "team_id": "REC000000005431",
    "local_patient_id": "9999000567",
    "signup_date": 1502941336690,
    "cancel_date": 1507096012963
  },
  {
    "group_id": "GRP000000001016",
    "team_id": "REC000000005462",
    "local_patient_id": "9992100110",
    "signup_date": 1504071292814,
    "cancel_date": 1510808152005
  },
  {
    "group_id": "GRP000000001016",
    "team_id": "REC000000005515",
    "local_patient_id": "9999000674",
    "signup_date": 1505882041757,
    "cancel_date": 1508198917682
  },
  {
    "group_id": "GRP000000001016",
    "team_id": "REC000000005536",
    "local_patient_id": "0000011111",
    "signup_date": 1506426074545,
    "cancel_date": 1507098576837
  },
  {
    "group_id": "GRP000000001016",
    "team_id": "REC000000005538",
    "local_patient_id": "9999000594",
    "signup_date": 1506907380680,
    "cancel_date": 1507267320595
  },
  {
    "group_id": "GRP000000001016",
    "team_id": "REC000000005576",
    "local_patient_id": "9999000674",
    "signup_date": 1508202710723,
    "cancel_date": 1508202823286
  },
  {
    "group_id": "GRP000000001016",
    "team_id": "REC000000005577",
    "local_patient_id": "9999000674",
    "signup_date": 1508202930521,
    "cancel_date": 1510885687258
  },
  {
    "group_id": "GRP000000001016",
    "team_id": "REC000000005622",
    "local_patient_id": "9999000901",
    "signup_date": 1510797124842,
    "cancel_date": 1513738842279
  },
  {
    "group_id": "GRP000000001016",
    "team_id": "REC000000005633",
    "local_patient_id": "9999000674",
    "signup_date": 1510886548692,
    "cancel_date": 1510891045406
  },
  {
    "group_id": "GRP000000001016",
    "team_id": "REC000000005639",
    "local_patient_id": "9999000674",
    "signup_date": 1510892364097,
    "cancel_date": 1511166448034
  },
  {
    "group_id": "GRP000000001016",
    "team_id": "REC000000005644",
    "local_patient_id": "9999000567",
    "signup_date": 1511150070799,
    "cancel_date": 1511155740095
  },
  {
    "group_id": "GRP000000001016",
    "team_id": "REC000000005645",
    "local_patient_id": "9999000567",
    "signup_date": 1511155841339,
    "cancel_date": 1511156585431
  },
  {
    "group_id": "GRP000000001016",
    "team_id": "REC000000005646",
    "local_patient_id": "9999000567",
    "signup_date": 1511156627433,
    "cancel_date": 1511157894629
  },
  {
    "group_id": "GRP000000001016",
    "team_id": "REC000000005647",
    "local_patient_id": "4104112001",
    "signup_date": 1511156734827,
    "cancel_date": 1511761372842
  },
  {
    "group_id": "GRP000000001016",
    "team_id": "REC000000005745",
    "local_patient_id": "9999000763",
    "signup_date": 1512033156531,
    "cancel_date": null
  },
  {
    "group_id": "GRP000000001016",
    "team_id": "REC000000005756",
    "local_patient_id": "9999000674",
    "signup_date": 1512622265955,
    "cancel_date": 1512693276961
  },
  {
    "group_id": "GRP000000001016",
    "team_id": "REC000000005757",
    "local_patient_id": "4104120701",
    "signup_date": 1512626688061,
    "cancel_date": 1523326661138
  },
  {
    "group_id": "GRP000000001016",
    "team_id": "REC000000005765",
    "local_patient_id": "0000000001",
    "signup_date": 1512636253121,
    "cancel_date": 1515066505769
  },
  {
    "group_id": "GRP000000001016",
    "team_id": "REC000000005766",
    "local_patient_id": "0000000002",
    "signup_date": 1512636496038,
    "cancel_date": 1512973467332
  },
  {
    "group_id": "GRP000000001016",
    "team_id": "REC000000005773",
    "local_patient_id": "9999000674",
    "signup_date": 1512693759068,
    "cancel_date": 1512706029075
  },
  {
    "group_id": "GRP000000001016",
    "team_id": "REC000000005781",
    "local_patient_id": "9999000674",
    "signup_date": 1512706422850,
    "cancel_date": 1549370672334
  },
  {
    "group_id": "GRP000000001016",
    "team_id": "REC000000005789",
    "local_patient_id": "9999000567",
    "signup_date": 1513041290987,
    "cancel_date": 1513318111875
  },
  {
    "group_id": "GRP000000001016",
    "team_id": "REC000000005794",
    "local_patient_id": "9999000875",
    "signup_date": 1513125733558,
    "cancel_date": 1538699380796
  },
  {
    "group_id": "GRP000000001016",
    "team_id": "REC000000005817",
    "local_patient_id": "9900000804",
    "signup_date": 1513228728534,
    "cancel_date": 1513606626964
  },
  {
    "group_id": "GRP000000001016",
    "team_id": "REC000000005818",
    "local_patient_id": "9900000904",
    "signup_date": 1513228904113,
    "cancel_date": 1515559213546
  },
  {
    "group_id": "GRP000000001016",
    "team_id": "REC000000005825",
    "local_patient_id": "9999000567",
    "signup_date": 1513318315806,
    "cancel_date": 1513570507266
  },
  {
    "group_id": "GRP000000001016",
    "team_id": "REC000000005833",
    "local_patient_id": "9999000567",
    "signup_date": 1513747565025,
    "cancel_date": 1513748236728
  },
  {
    "group_id": "GRP000000001016",
    "team_id": "REC000000005836",
    "local_patient_id": "9999000567",
    "signup_date": 1513748982630,
    "cancel_date": 1513749240548
  },
  {
    "group_id": "GRP000000001016",
    "team_id": "REC000000005837",
    "local_patient_id": "1234567890",
    "signup_date": 1513749016678,
    "cancel_date": 1513749237836
  },
  {
    "group_id": "GRP000000001016",
    "team_id": "REC000000005845",
    "local_patient_id": "2345678911",
    "signup_date": 1513750538047,
    "cancel_date": 1513750661555
  },
  {
    "group_id": "GRP000000001016",
    "team_id": "REC000000005846",
    "local_patient_id": "1234567890",
    "signup_date": 1513750540141,
    "cancel_date": 1513750743415
  },
  {
    "group_id": "GRP000000001016",
    "team_id": "REC000000005853",
    "local_patient_id": "1234567890",
    "signup_date": 1513751375674,
    "cancel_date": 1513751474643
  },
  {
    "group_id": "GRP000000001016",
    "team_id": "REC000000005854",
    "local_patient_id": "3456789101",
    "signup_date": 1513751424061,
    "cancel_date": 1513751457369
  },
  {
    "group_id": "GRP000000001016",
    "team_id": "REC000000005857",
    "local_patient_id": "9999900000",
    "signup_date": 1513752132113,
    "cancel_date": 1513753769759
  },
  {
    "group_id": "GRP000000001016",
    "team_id": "REC000000005858",
    "local_patient_id": "1234567890",
    "signup_date": 1513752142970,
    "cancel_date": 1513753813035
  },
  {
    "group_id": "GRP000000001016",
    "team_id": "REC000000005859",
    "local_patient_id": "9999000567",
    "signup_date": 1513753866542,
    "cancel_date": 1513821349885
  },
  {
    "group_id": "GRP000000001016",
    "team_id": "REC000000005870",
    "local_patient_id": "9999000954",
    "signup_date": 1513826034572,
    "cancel_date": 1513827944268
  },
  {
    "group_id": "GRP000000001016",
    "team_id": "REC000000005879",
    "local_patient_id": "9999000456",
    "signup_date": 1513841938766,
    "cancel_date": 1513845319088
  },
  {
    "group_id": "GRP000000001016",
    "team_id": "REC000000005884",
    "local_patient_id": "9999000123",
    "signup_date": 1513905253169,
    "cancel_date": 1513908447197
  },
  {
    "group_id": "GRP000000001016",
    "team_id": "REC000000005888",
    "local_patient_id": "9999000111",
    "signup_date": 1513908710971,
    "cancel_date": 1514267307518
  },
  {
    "group_id": "GRP000000001016",
    "team_id": "REC000000005891",
    "local_patient_id": "9999000256",
    "signup_date": 1513913566358,
    "cancel_date": 1514360188003
  },
  {
    "group_id": "GRP000000001016",
    "team_id": "REC000000005902",
    "local_patient_id": "9999000914",
    "signup_date": 1514358961985,
    "cancel_date": 1514360016033
  },
  {
    "group_id": "GRP000000001016",
    "team_id": "REC000000005903",
    "local_patient_id": "9999000914",
    "signup_date": 1514360259023,
    "cancel_date": 1515548007994
  },
  {
    "group_id": "GRP000000001016",
    "team_id": "REC000000005904",
    "local_patient_id": "8888002310",
    "signup_date": 1514422563545,
    "cancel_date": 1514946384065
  },
  {
    "group_id": "GRP000000001016",
    "team_id": "REC000000005905",
    "local_patient_id": "9999000666",
    "signup_date": 1514950994385,
    "cancel_date": 1514957677385
  },
  {
    "group_id": "GRP000000001016",
    "team_id": "REC000000005918",
    "local_patient_id": "9999955555",
    "signup_date": 1514957677385,
    "cancel_date": null
  },
  {
    "group_id": "GRP000000001016",
    "team_id": "REC000000005926",
    "local_patient_id": "0000004391",
    "signup_date": 1514957677385,
    "cancel_date": null
  },
  {
    "group_id": "GRP000000001016",
    "team_id": "REC000000005927",
    "local_patient_id": "9999000772",
    "signup_date": 1514957677385,
    "cancel_date": null
  },
  {
    "group_id": "GRP000000001016",
    "team_id": "REC000000005946",
    "local_patient_id": "9999000914",
    "signup_date": 1514957677385,
    "cancel_date": null
  },
  {
    "group_id": "GRP000000001016",
    "team_id": "REC000000005948",
    "local_patient_id": "9999000825",
    "signup_date": 1514957677385,
    "cancel_date": null
  },
  {
    "group_id": "GRP000000001016",
    "team_id": "REC000000006163",
    "local_patient_id": "0000000013",
    "signup_date": 1514957677385,
    "cancel_date": null
  },
  {
    "group_id": "GRP000000001016",
    "team_id": "REC000000018935",
    "local_patient_id": "9999001000",
    "signup_date": 1514957677385,
    "cancel_date": null
  },
  {
    "group_id": "GRP000000001016",
    "team_id": "REC000000024460",
    "local_patient_id": "9999002000",
    "signup_date": 1515033719883,
    "cancel_date": null
  },
  {
    "group_id": "GRP000000001016",
    "team_id": "REC000000033629",
    "local_patient_id": "9999000914",
    "signup_date": 1515033719883,
    "cancel_date": null
  },
  {
    "group_id": "GRP000000001016",
    "team_id": "REC000000033635",
    "local_patient_id": "9999000825",
    "signup_date": 1515033719883,
    "cancel_date": 1515033719883
  }
]