[
    {
        "key": "barcode.length",
        "value": "10"
    },
    {
        "key": "barcode.padding",
        "value": "0"
    },
    {
        "key": "barcode.startstop",
        "value": "AA"
    },
    {
        "key": "barcode.type",
        "value": "QR"
    },
    {
        "key": "beacon.enable",
        "value": "1"
    },
    {
        "key": "chart.hospital_code",
        "value": "100"
    },
    {
        "key": "chart.system_user_id",
        "value": "空文字列"
    },
    {
        "key": "chart.target_hospital_div",
        "value": "0"
    },
    {
        "key": "chart.type",
        "value": "HX"
    },
    {
        "key": "facility_id",
        "value": "9999999"
    },
    {
        "key": "medical_information.enable",
        "value": "1"
    },
    {
        "key": "patient_identification.enable",
        "value": "1"
    },
    {
        "key": "qr.version2",
        "value": "1"
    },
    {
        "key": "qr.version3",
        "value": "1"
    },
    {
        "key": "region_id",
        "value": "990001"
    },
    {
        "key": "restriction.service_password",
        "value": "[]"
    },
    {
        "key": "restriction.user_service",
        "value": "{}"
    }
]