{
    "child_service_group_ids": [
        {
            "service_id": "SVC000000000006",
            "group_id": "GRP000000001131"
        },
        {
            "service_id": "SVC000000000011",
            "group_id": "GRP000000001130"
        },
        {
            "service_id": "SVC000000000012",
            "group_id": "GRP000000001132"
        },
        {
            "service_id": "SVC000000000012.3",
            "group_id": "GRP000000001132"
        },
        {
            "service_id": "SVC000000000018",
            "group_id": "GRP000000001133"
        },
        {
            "service_id": "SVC000000000019",
            "group_id": "GRP000000001134"
        },
        {
            "service_id": "SVC000000000020",
            "group_id": "GRP000000001135"
        },
        {
            "service_id": "SVC000000000033",
            "group_id": "GRP000000001294"
        },
        {
            "service_id": "SVC000000000040",
            "group_id": "GRP000000002071"
        },
        {
            "service_id": "SVC000000000044",
            "group_id": "GRP000000002072"
        },
        {
            "service_id": "SVC000000000039",
            "group_id": "GRP000000002073"
        },
        {
            "service_id": "SVC000000000028",
            "group_id": "GRP000000002070"
        }
    ]
}