{
    "user": {
        "address": "東京都大田区新蒲田１－２－３", 
        "birth": "1979-03-20", 
        "cellular": "000-0000-0000", 
        "contact_email": "fj3852fd@fujitsu.com", 
        "email": "fj3852fd@fujitsu.com", 
        "family_name": "テスト", 
        "family_name_kana": "テスト", 
        "fax": "000-0000-0000", 
        "first_name": "GX", 
        "first_name_kana": "ジーエックス", 
        "password_changed_dt": "2014-10-02 10:10:10", 
        "phone": "000-0000-0000", 
        "postcode": "123-4567", 
        "profile_image": "portal/img/XXXXXXXX", 
        "sex_cd": "1", 
        "sex_name": "男性", 
        "user_id": "USR000000006180"
    }, 
    "healthcare_provider_user": {
        "department": "", 
        "facility_name": "富士通０１病院", 
        "hc_role_cd": "Medical Doctor", 
        "hc_role_name": "医師", 
        "position": "", 
        "specialty_name": "", 
        "user_id": "USR000000006180"
    }, 
    "valid_date": "2030-10-02 10:10:10",
    "access_token": "abcd1234abcd1234"
}