{
    "user": {
        "user_id": "USR000000004559",
        "email": "kaiyaku-kinshi@gmail.com",
        "password_changed_dt": "2019-09-30 16:38:11.816",
        "family_name": "解約禁止",
        "first_name": "ダミーユーザ",
        "family_name_kana": "カイヤクキンシ",
        "first_name_kana": "ダミーユーザ",
        "birth": "2000-01-01",
        "sex_cd": "1",
        "sex_name": "男性",
        "profile_image": "https://myportal-test.humanbridge.net/personal/img/get?encrypt_string=xhpI1Rx3Isa0qDqS110kfzMU2SB8CYh%2FeysuPFazt0xNeAT3RmcSx6UakE29jMZx%2B28DEQ5GpQ%2BqWHOBHmu866I7",
        "postcode": "",
        "address": "",
        "contact_email": "",
        "phone": "",
        "cellular": "",
        "fax": ""
    },
    "healthcare_provider_user": {
        "user_id": "USR000000004559",
        "facility_name": "",
        "hc_role_cd": "",
        "hc_role_name": "",
        "specialty_name": "",
        "department": "",
        "position": ""
    },
    "access_token": "2660edc6524b2c1af8add91f1ce3febefa04eade",
    "valid_date": "2021-12-02 13:10:51"
}