{
    "user": {
        "user_id": "USR000000006213",
        "email": "sst0000000@concierge.humanbridge.net",
        "password_changed_dt": "2021-07-30 21:16:15.919",
        "family_name": "運用ダミー",
        "first_name": "解約禁止",
        "family_name_kana": "ウンヨウダミー",
        "first_name_kana": "カイヤクキンシ",
        "birth": "2021-07-30",
        "sex_cd": "1",
        "sex_name": "男性",
        "profile_image": "https://myportal-test.humanbridge.net/personal/img/get?encrypt_string=0joY5GJb8Hi6G51CI%2FEpJao%2B0YsVxfyBF3Qmca8LW7PHkqPbJCG2o0rFT3ck7v75uCxnMGyFcW0rgCxTdev%2FLkFy",
        "postcode": "",
        "address": "",
        "contact_email": "",
        "phone": "",
        "cellular": "",
        "fax": ""
    },
    "healthcare_provider_user": {
        "user_id": "USR000000006213",
        "facility_name": "運用管理ツール",
        "hc_role_cd": "",
        "hc_role_name": "",
        "specialty_name": "",
        "department": "",
        "position": ""
    },
    "access_token": "3365d395e332968beab3d75f08b186c60ac3be7c",
    "valid_date": "2021-12-02 13:09:53"
}